timestamp,project_name,run_id,experiment_id,duration,emissions,emissions_rate,cpu_power,gpu_power,ram_power,cpu_energy,gpu_energy,ram_energy,energy_consumed,water_consumed,country_name,country_iso_code,region,cloud_provider,cloud_region,os,python_version,codecarbon_version,cpu_count,cpu_model,gpu_count,gpu_model,longitude,latitude,ram_total_size,tracking_mode,cpu_utilization_percent,gpu_utilization_percent,ram_utilization_percent,ram_used_gb,on_cloud,pue,wue
2026-07-30T20:19:09,codecarbon,91ee838a-4af0-4c39-95a7-89993d142978,5b0fa12a-3dd7-45bb-9766-cc326314d9f1,2.9211750000249594,7.598103842099623e-07,2.601043704000857e-07,4.786348368913838,0.0,10.0,3.813556833190355e-06,0.0,7.925980833048622e-06,1.1739537666238977e-05,0.0,Canada,CAN,ontario,,,Windows-10-10.0.26200-SP0,3.11.9,3.2.6,8,Intel(R) Core(TM) i7-1065G7 CPU @ 1.30GHz,0,,-75.6718,45.3316,15.595848083496094,process,37.5,0,70.05,10.925933837890623,N,1.0,0.0
2026-07-30T20:19:15,codecarbon,e30b888f-3ff8-4ecf-b3a4-d88ba6a6a35b,5b0fa12a-3dd7-45bb-9766-cc326314d9f1,1.5422354999464003,4.995776305723207e-07,3.239308332545083e-07,8.307788740569016,0.0,10.0,3.522576042202155e-06,0.0,4.196205555409607e-06,7.718781597611763e-06,0.0,Canada,CAN,ontario,,,Windows-10-10.0.26200-SP0,3.11.9,3.2.6,8,Intel(R) Core(TM) i7-1065G7 CPU @ 1.30GHz,0,,-75.6718,45.3316,15.595848083496094,process,0.0,0,70.3,10.957965850830078,N,1.0,0.0
2026-07-30T20:19:21,codecarbon,e7915744-0298-49f7-99fe-dbef6e098fd3,5b0fa12a-3dd7-45bb-9766-cc326314d9f1,0.631715500028804,1.9942903100139746e-07,3.156943766494636e-07,8.346766270134243,0.0,10.0,1.4251753306616685e-06,0.0,1.6561258332027743e-06,3.0813011638644426e-06,0.0,Canada,CAN,ontario,,,Windows-10-10.0.26200-SP0,3.11.9,3.2.6,8,Intel(R) Core(TM) i7-1065G7 CPU @ 1.30GHz,0,,-75.6718,45.3316,15.595848083496094,process,0.0,0,0.0,0.0,N,1.0,0.0
2026-07-30T20:19:28,codecarbon,ecb70cf4-eeb4-4226-81dd-0cd4d6c10169,5b0fa12a-3dd7-45bb-9766-cc326314d9f1,2.2669691999908537,7.347477896095664e-07,3.241101774177306e-07,8.253237356519326,0.0,10.0,5.1557960014303885e-06,0.0,6.196509166491322e-06,1.135230516792171e-05,0.0,Canada,CAN,ontario,,,Windows-10-10.0.26200-SP0,3.11.9,3.2.6,8,Intel(R) Core(TM) i7-1065G7 CPU @ 1.30GHz,0,,-75.6718,45.3316,15.595848083496094,process,0.0,0,70.4,10.97769546508789,N,1.0,0.0
2026-07-30T20:19:34,codecarbon,3f4b3ee3-eb54-4732-a87d-ba4f1999eb47,5b0fa12a-3dd7-45bb-9766-cc326314d9f1,0.9918509998824449,3.2327181499766386e-07,3.259278006837503e-07,8.665009123323275,0.0,10.0,2.342950831715652e-06,0.0,2.651797499533536e-06,4.994748331249188e-06,0.0,Canada,CAN,ontario,,,Windows-10-10.0.26200-SP0,3.11.9,3.2.6,8,Intel(R) Core(TM) i7-1065G7 CPU @ 1.30GHz,0,,-75.6718,45.3316,15.595848083496094,process,0.0,0,0.0,0.0,N,1.0,0.0
2026-07-30T20:19:40,codecarbon,76ca1e4f-2e4d-4bf5-880a-399a5ac23422,5b0fa12a-3dd7-45bb-9766-cc326314d9f1,0.7147685999516398,2.271703851544723e-07,3.1782367771869424e-07,8.355746929834197,0.0,10.0,1.6201932558837389e-06,0.0,1.889728888636455e-06,3.5099221445201933e-06,0.0,Canada,CAN,ontario,,,Windows-10-10.0.26200-SP0,3.11.9,3.2.6,8,Intel(R) Core(TM) i7-1065G7 CPU @ 1.30GHz,0,,-75.6718,45.3316,15.595848083496094,process,0.0,0,0.0,0.0,N,1.0,0.0
2026-07-30T20:19:46,codecarbon,45b05324-cb69-468a-a476-5274ce0fca47,5b0fa12a-3dd7-45bb-9766-cc326314d9f1,1.2247550999745729,3.831846631347914e-07,3.128663543779052e-07,7.818746861374612,0.0,10.0,2.619885065824809e-06,0.0,3.300553611350349e-06,5.920438677175158e-06,0.0,Canada,CAN,ontario,,,Windows-10-10.0.26200-SP0,3.11.9,3.2.6,8,Intel(R) Core(TM) i7-1065G7 CPU @ 1.30GHz,0,,-75.6718,45.3316,15.595848083496094,process,0.0,0,70.3,10.963020324707031,N,1.0,0.0
2026-07-30T20:19:53,codecarbon,7f97d1ac-c3ed-4a07-9792-58f9bf592f55,5b0fa12a-3dd7-45bb-9766-cc326314d9f1,1.721208200091496,5.590967538957663e-07,3.248280794072709e-07,8.379120668627188,0.0,10.0,3.963119486062447e-06,0.0,4.675269166990701e-06,8.638388653053148e-06,0.0,Canada,CAN,ontario,,,Windows-10-10.0.26200-SP0,3.11.9,3.2.6,8,Intel(R) Core(TM) i7-1065G7 CPU @ 1.30GHz,0,,-75.6718,45.3316,15.595848083496094,process,0.0,0,70.3,10.969615936279297,N,1.0,0.0
2026-07-30T20:19:58,codecarbon,08f5f364-9b7c-43e5-a1df-130fd459fac5,5b0fa12a-3dd7-45bb-9766-cc326314d9f1,0.7108059998136014,2.1369451751880485e-07,3.006369073626885e-07,7.414187451477694,0.0,10.0,1.4277955920857083e-06,0.0,1.8739161107482185e-06,3.3017117028339264e-06,0.0,Canada,CAN,ontario,,,Windows-10-10.0.26200-SP0,3.11.9,3.2.6,8,Intel(R) Core(TM) i7-1065G7 CPU @ 1.30GHz,0,,-75.6718,45.3316,15.595848083496094,process,0.0,0,0.0,0.0,N,1.0,0.0
2026-07-30T20:20:06,codecarbon,fbd455e7-be3c-4ef2-a3cb-4d4896b08553,5b0fa12a-3dd7-45bb-9766-cc326314d9f1,2.4061146997846663,8.140834517508472e-07,3.383394199053367e-07,9.057421475881762,0.0,10.0,6.007269378869458e-06,0.0,6.570820555013293e-06,1.2578089933882751e-05,0.0,Canada,CAN,ontario,,,Windows-10-10.0.26200-SP0,3.11.9,3.2.6,8,Intel(R) Core(TM) i7-1065G7 CPU @ 1.30GHz,0,,-75.6718,45.3316,15.595848083496094,process,50.0,0,70.45,10.986459732055664,N,1.0,0.0
2026-07-30T20:20:13,codecarbon,8c766c96-763d-4992-99f8-e2fb360ff94e,5b0fa12a-3dd7-45bb-9766-cc326314d9f1,2.1876727000344545,7.198645261603649e-07,3.290549478215034e-07,8.545327806024881,0.0,10.0,5.148784317745332e-06,0.0,5.973565277721112e-06,1.1122349595466445e-05,0.0,Canada,CAN,ontario,,,Windows-10-10.0.26200-SP0,3.11.9,3.2.6,8,Intel(R) Core(TM) i7-1065G7 CPU @ 1.30GHz,0,,-75.6718,45.3316,15.595848083496094,process,0.0,0,71.1,11.08954620361328,N,1.0,0.0
2026-07-30T20:20:20,codecarbon,cb2a5d25-45da-4612-bf8f-82f861fcfa4c,5b0fa12a-3dd7-45bb-9766-cc326314d9f1,1.9353577999863767,6.347602592247037e-07,3.279808308464573e-07,8.509203899437447,0.0,10.0,4.53229272762362e-06,0.0,5.275143610520496e-06,9.807436338144117e-06,0.0,Canada,CAN,ontario,,,Windows-10-10.0.26200-SP0,3.11.9,3.2.6,8,Intel(R) Core(TM) i7-1065G7 CPU @ 1.30GHz,0,,-75.6718,45.3316,15.595848083496094,process,0.0,0,71.1,11.083831787109377,N,1.0,0.0
2026-07-30T20:20:25,codecarbon,77709bfe-22f4-46de-b90f-7ef69a5a686c,5b0fa12a-3dd7-45bb-9766-cc326314d9f1,0.7080831001512706,2.2959237518883162e-07,3.242449581691511e-07,8.76037542567624,0.0,10.0,1.6802731019077586e-06,0.0,1.8670702779976032e-06,3.547343379905362e-06,0.0,Canada,CAN,ontario,,,Windows-10-10.0.26200-SP0,3.11.9,3.2.6,8,Intel(R) Core(TM) i7-1065G7 CPU @ 1.30GHz,0,,-75.6718,45.3316,15.595848083496094,process,0.0,0,0.0,0.0,N,1.0,0.0
2026-07-30T20:20:33,codecarbon,70153f03-6a8f-49ce-9b46-853ed0bd5860,5b0fa12a-3dd7-45bb-9766-cc326314d9f1,2.421175300143659,7.939799509533869e-07,3.2793162515175026e-07,8.43833487580826,0.0,10.0,5.635285984173774e-06,0.0,6.632192500142588e-06,1.2267478484316362e-05,0.0,Canada,CAN,ontario,,,Windows-10-10.0.26200-SP0,3.11.9,3.2.6,8,Intel(R) Core(TM) i7-1065G7 CPU @ 1.30GHz,0,,-75.6718,45.3316,15.595848083496094,process,0.0,0,71.15,11.096832275390623,N,1.0,0.0
2026-07-30T20:20:38,codecarbon,c54ebeb4-9a41-48dd-b727-32ea245ffd1b,5b0fa12a-3dd7-45bb-9766-cc326314d9f1,0.7367845999542624,2.53900403189518e-07,3.446060126735541e-07,9.89279716934612,0.0,10.0,1.974957082025212e-06,0.0,1.947960278226269e-06,3.922917360251482e-06,0.0,Canada,CAN,ontario,,,Windows-10-10.0.26200-SP0,3.11.9,3.2.6,8,Intel(R) Core(TM) i7-1065G7 CPU @ 1.30GHz,0,,-75.6718,45.3316,15.595848083496094,process,0.0,0,0.0,0.0,N,1.0,0.0
2026-07-30T20:20:44,codecarbon,d30c64d5-b360-4a1b-a8a4-3c6f9b9c956e,5b0fa12a-3dd7-45bb-9766-cc326314d9f1,1.2182976000476629,4.307906179865933e-07,3.5360048149954466e-07,10.101115455585385,0.0,10.0,3.36879467620107e-06,0.0,3.2871852777639614e-06,6.655979953965031e-06,0.0,Canada,CAN,ontario,,,Windows-10-10.0.26200-SP0,3.11.9,3.2.6,8,Intel(R) Core(TM) i7-1065G7 CPU @ 1.30GHz,0,,-75.6718,45.3316,15.595848083496094,process,100.0,0,71.2,11.098464965820312,N,1.0,0.0
2026-07-30T20:20:51,codecarbon,fb7b4d00-9773-4a86-8ccd-3e38ec92f0b5,5b0fa12a-3dd7-45bb-9766-cc326314d9f1,1.422345699975267,4.569082610985972e-07,3.212357313039596e-07,8.225423137975664,0.0,10.0,3.209332766993024e-06,0.0,3.850180833574592e-06,7.059513600567616e-06,0.0,Canada,CAN,ontario,,,Windows-10-10.0.26200-SP0,3.11.9,3.2.6,8,Intel(R) Core(TM) i7-1065G7 CPU @ 1.30GHz,0,,-75.6718,45.3316,15.595848083496094,process,0.0,0,71.5,11.15011215209961,N,1.0,0.0
2026-07-30T20:20:58,codecarbon,ea57fee6-285b-48a5-9773-12679de343e4,5b0fa12a-3dd7-45bb-9766-cc326314d9f1,2.1555223998147994,7.193187733364754e-07,3.337097185342535e-07,8.81492652896871,0.0,10.0,5.233480156531641e-06,0.0,5.88043722220593e-06,1.111391737873757e-05,0.0,Canada,CAN,ontario,,,Windows-10-10.0.26200-SP0,3.11.9,3.2.6,8,Intel(R) Core(TM) i7-1065G7 CPU @ 1.30GHz,0,,-75.6718,45.3316,15.595848083496094,process,0.0,0,71.75,11.193288803100586,N,1.0,0.0
2026-07-30T20:21:05,codecarbon,67c676a6-ea25-4bf6-a45d-533cc2bed6f9,5b0fa12a-3dd7-45bb-9766-cc326314d9f1,2.4860346000641584,8.099668108536452e-07,3.25806732871997e-07,8.328077254325274,0.0,10.0,5.709836411605015e-06,0.0,6.8046488889700005e-06,1.2514485300575016e-05,0.0,Canada,CAN,ontario,,,Windows-10-10.0.26200-SP0,3.11.9,3.2.6,8,Intel(R) Core(TM) i7-1065G7 CPU @ 1.30GHz,0,,-75.6718,45.3316,15.595848083496094,process,50.0,0,71.4,11.138492584228516,N,1.0,0.0
2026-07-30T20:21:11,codecarbon,bf4674d8-acd4-4015-ba63-43deded3ee23,5b0fa12a-3dd7-45bb-9766-cc326314d9f1,0.6434456999413669,2.0378656364110386e-07,3.167113614399375e-07,8.346160742771046,0.0,10.0,1.4537771676734804e-06,0.0,1.6948505550519462e-06,3.1486277227254263e-06,0.0,Canada,CAN,ontario,,,Windows-10-10.0.26200-SP0,3.11.9,3.2.6,8,Intel(R) Core(TM) i7-1065G7 CPU @ 1.30GHz,0,,-75.6718,45.3316,15.595848083496094,process,0.0,0,0.0,0.0,N,1.0,0.0
2026-07-30T20:21:19,codecarbon,5b1cbb19-a92a-4aaf-98e5-1a76263ba861,5b0fa12a-3dd7-45bb-9766-cc326314d9f1,2.9901868999004364,8.802037717060455e-07,2.9436413213346413e-07,6.558186787499035,0.0,10.0,5.409693981377258e-06,0.0,8.189995555181263e-06,1.359968953655852e-05,0.0,Canada,CAN,ontario,,,Windows-10-10.0.26200-SP0,3.11.9,3.2.6,8,Intel(R) Core(TM) i7-1065G7 CPU @ 1.30GHz,0,,-75.6718,45.3316,15.595848083496094,process,0.0,0,72.05000000000001,11.237573623657228,N,1.0,0.0
2026-07-30T20:21:25,codecarbon,5fce6a6a-6880-41ef-ae85-130d8ed73d33,5b0fa12a-3dd7-45bb-9766-cc326314d9f1,1.7011404000222683,5.572658742091192e-07,3.2758370455597e-07,8.535793550967522,0.0,10.0,3.988656825056925e-06,0.0,4.621443610974691e-06,8.610100436031617e-06,0.0,Canada,CAN,ontario,,,Windows-10-10.0.26200-SP0,3.11.9,3.2.6,8,Intel(R) Core(TM) i7-1065G7 CPU @ 1.30GHz,0,,-75.6718,45.3316,15.595848083496094,process,0.0,0,71.9,11.21883773803711,N,1.0,0.0
2026-07-30T20:21:31,codecarbon,0263dc44-3d0e-4955-8251-734e1994d382,5b0fa12a-3dd7-45bb-9766-cc326314d9f1,0.7927769999951124,2.546628961567894e-07,3.212289157712187e-07,8.524840783613294,0.0,10.0,1.834373345443045e-06,0.0,2.100325000032576e-06,3.934698345475621e-06,0.0,Canada,CAN,ontario,,,Windows-10-10.0.26200-SP0,3.11.9,3.2.6,8,Intel(R) Core(TM) i7-1065G7 CPU @ 1.30GHz,0,,-75.6718,45.3316,15.595848083496094,process,0.0,0,0.0,0.0,N,1.0,0.0
2026-07-30T20:21:38,codecarbon,0838df68-0000-460c-9e42-7cb22918aef1,5b0fa12a-3dd7-45bb-9766-cc326314d9f1,1.2639645000454038,4.3759735607095483e-07,3.462101633829396e-07,9.694117469600616,0.0,10.0,3.354922131925528e-06,0.0,3.4062261111103003e-06,6.761148243035828e-06,0.0,Canada,CAN,ontario,,,Windows-10-10.0.26200-SP0,3.11.9,3.2.6,8,Intel(R) Core(TM) i7-1065G7 CPU @ 1.30GHz,0,,-75.6718,45.3316,15.595848083496094,process,0.0,0,71.8,11.191715240478516,N,1.0,0.0
2026-07-30T20:21:45,codecarbon,dc011b9e-f9a9-4b5c-9ec6-4e20cf1ea3d0,5b0fa12a-3dd7-45bb-9766-cc326314d9f1,2.167153800139204,6.853892768480364e-07,3.162624068508712e-07,7.827609761599227,0.0,10.0,4.672523571274683e-06,0.0,5.917162222451427e-06,1.0589685793726111e-05,0.0,Canada,CAN,ontario,,,Windows-10-10.0.26200-SP0,3.11.9,3.2.6,8,Intel(R) Core(TM) i7-1065G7 CPU @ 1.30GHz,0,,-75.6718,45.3316,15.595848083496094,process,0.0,0,71.8,11.19626235961914,N,1.0,0.0
2026-07-30T20:21:51,codecarbon,b607b8b9-eb07-477c-bbed-d18a4a5f4bf9,5b0fa12a-3dd7-45bb-9766-cc326314d9f1,1.8285758001729848,6.263299100763824e-07,3.4252335069573333e-07,9.339451793864704,0.0,10.0,4.69767031496981e-06,0.0,4.979511944758189e-06,9.677182259728e-06,0.0,Canada,CAN,ontario,,,Windows-10-10.0.26200-SP0,3.11.9,3.2.6,8,Intel(R) Core(TM) i7-1065G7 CPU @ 1.30GHz,0,,-75.6718,45.3316,15.595848083496094,process,0.0,0,71.8,11.197502136230469,N,1.0,0.0
2026-07-30T20:21:58,codecarbon,487ee788-86b7-49ea-b43d-4ca4ce77667f,5b0fa12a-3dd7-45bb-9766-cc326314d9f1,1.9726692000404,6.508520433105912e-07,3.299347114545418e-07,8.602909029882149,0.0,10.0,4.674007075157554e-06,0.0,5.382057222434216e-06,1.005606429759177e-05,0.0,Canada,CAN,ontario,,,Windows-10-10.0.26200-SP0,3.11.9,3.2.6,8,Intel(R) Core(TM) i7-1065G7 CPU @ 1.30GHz,0,,-75.6718,45.3316,15.595848083496094,process,0.0,0,71.3,11.120044708251951,N,1.0,0.0
2026-07-30T20:22:04,codecarbon,0ba35625-fb37-4f57-b77a-3a0b5dcf3d56,5b0fa12a-3dd7-45bb-9766-cc326314d9f1,0.7951049997936934,2.5249289292281345e-07,3.175591814770728e-07,8.320517646883426,0.0,10.0,1.795282961084664e-06,0.0,2.105887500025953e-06,3.901170461110617e-06,0.0,Canada,CAN,ontario,,,Windows-10-10.0.26200-SP0,3.11.9,3.2.6,8,Intel(R) Core(TM) i7-1065G7 CPU @ 1.30GHz,0,,-75.6718,45.3316,15.595848083496094,process,0.0,0,0.0,0.0,N,1.0,0.0
2026-07-30T20:22:14,codecarbon,8dcf745c-704b-4d91-a52f-9c09069fbec9,5b0fa12a-3dd7-45bb-9766-cc326314d9f1,5.338123800000176,1.6446519909269903e-06,3.080955130577781e-07,7.233842016553929,0.0,10.0,1.0688396828318842e-05,0.0,1.4722487777342191e-05,2.541088460566104e-05,0.0,Canada,CAN,ontario,,,Windows-10-10.0.26200-SP0,3.11.9,3.2.6,8,Intel(R) Core(TM) i7-1065G7 CPU @ 1.30GHz,0,,-75.6718,45.3316,15.595848083496094,process,20.0,0,72.86,11.36585693359375,N,1.0,0.0
2026-07-30T20:22:20,codecarbon,4ebf4d7f-8d3e-451d-949f-4b56d8c76c34,5b0fa12a-3dd7-45bb-9766-cc326314d9f1,0.8606807999312878,2.516122759106944e-07,2.923409885880826e-07,6.820931770996665,0.0,10.0,1.5970093869419185e-06,0.0,2.2905549998136447e-06,3.887564386755564e-06,0.0,Canada,CAN,ontario,,,Windows-10-10.0.26200-SP0,3.11.9,3.2.6,8,Intel(R) Core(TM) i7-1065G7 CPU @ 1.30GHz,0,,-75.6718,45.3316,15.595848083496094,process,0.0,0,0.0,0.0,N,1.0,0.0
2026-07-30T20:22:28,codecarbon,0ad74735-c81a-4996-88f8-70e84b191492,5b0fa12a-3dd7-45bb-9766-cc326314d9f1,2.810418500099331,8.879525754218993e-07,3.159503025583256e-07,7.780783610870404,0.0,10.0,6.028434429871284e-06,0.0,7.690978889069003e-06,1.3719413318940288e-05,0.0,Canada,CAN,ontario,,,Windows-10-10.0.26200-SP0,3.11.9,3.2.6,8,Intel(R) Core(TM) i7-1065G7 CPU @ 1.30GHz,0,,-75.6718,45.3316,15.595848083496094,process,31.45,0,74.25,11.579034805297852,N,1.0,0.0
2026-07-30T20:22:34,codecarbon,ef415564-a29c-483b-a6c3-2625acb5a6e1,5b0fa12a-3dd7-45bb-9766-cc326314d9f1,0.872496800031513,2.734973562957206e-07,3.134651683373995e-07,8.130337250061542,0.0,10.0,1.9222542809361785e-06,0.0,2.30344805556039e-06,4.225702336496569e-06,0.0,Canada,CAN,ontario,,,Windows-10-10.0.26200-SP0,3.11.9,3.2.6,8,Intel(R) Core(TM) i7-1065G7 CPU @ 1.30GHz,0,,-75.6718,45.3316,15.595848083496094,process,0.0,0,0.0,0.0,N,1.0,0.0
2026-07-30T20:22:43,codecarbon,f170a385-225c-4f8f-be49-09b5bc494049,5b0fa12a-3dd7-45bb-9766-cc326314d9f1,3.5111245999578387,1.1804306207883156e-06,3.361973029389189e-07,8.876792628819507,0.0,10.0,8.604169806524056e-06,0.0,9.634209166850067e-06,1.8238378973374123e-05,0.0,Canada,CAN,ontario,,,Windows-10-10.0.26200-SP0,3.11.9,3.2.6,8,Intel(R) Core(TM) i7-1065G7 CPU @ 1.30GHz,0,,-75.6718,45.3316,15.595848083496094,process,0.0,0,74.8,11.663280487060549,N,1.0,0.0
2026-07-30T20:22:49,codecarbon,be2a6a95-3d55-4bf5-8301-c83e797ea80c,5b0fa12a-3dd7-45bb-9766-cc326314d9f1,0.7468616999685764,2.448503019226322e-07,3.278388782460448e-07,9.051918546930274,0.0,10.0,1.826228841635895e-06,0.0,1.956858888863482e-06,3.783087730499377e-06,0.0,Canada,CAN,ontario,,,Windows-10-10.0.26200-SP0,3.11.9,3.2.6,8,Intel(R) Core(TM) i7-1065G7 CPU @ 1.30GHz,0,,-75.6718,45.3316,15.595848083496094,process,0.0,0,0.0,0.0,N,1.0,0.0
2026-07-30T20:22:55,codecarbon,7f15b268-ae5e-499e-9a7f-ebc6c886e879,5b0fa12a-3dd7-45bb-9766-cc326314d9f1,0.9833735001739116,3.294052964320866e-07,3.3497475412326106e-07,9.278627633304865,0.0,10.0,2.479291057540316e-06,0.0,2.6102233335324045e-06,5.089514391072721e-06,0.0,Canada,CAN,ontario,,,Windows-10-10.0.26200-SP0,3.11.9,3.2.6,8,Intel(R) Core(TM) i7-1065G7 CPU @ 1.30GHz,0,,-75.6718,45.3316,15.595848083496094,process,0.0,0,0.0,0.0,N,1.0,0.0
2026-07-30T20:23:00,codecarbon,1ef432c1-92c3-4718-b6af-828c6f1faf65,5b0fa12a-3dd7-45bb-9766-cc326314d9f1,0.8028444999363273,2.497327960676054e-07,3.11059982459133e-07,8.060736070435933,0.0,10.0,1.7501288788151031e-06,0.0,2.108396388616206e-06,3.858525267431309e-06,0.0,Canada,CAN,ontario,,,Windows-10-10.0.26200-SP0,3.11.9,3.2.6,8,Intel(R) Core(TM) i7-1065G7 CPU @ 1.30GHz,0,,-75.6718,45.3316,15.595848083496094,process,0.0,0,0.0,0.0,N,1.0,0.0
2026-07-30T20:23:08,codecarbon,39a4d633-b8a1-4a0b-bab9-d9f9396f141c,5b0fa12a-3dd7-45bb-9766-cc326314d9f1,2.010444800136611,6.550196610428346e-07,3.258083290813683e-07,8.42150706608059,0.0,10.0,4.653635443049188e-06,0.0,5.466821111298891e-06,1.012045655434808e-05,0.0,Canada,CAN,ontario,,,Windows-10-10.0.26200-SP0,3.11.9,3.2.6,8,Intel(R) Core(TM) i7-1065G7 CPU @ 1.30GHz,0,,-75.6718,45.3316,15.595848083496094,process,0.0,0,73.8,11.516468048095703,N,1.0,0.0
2026-07-30T20:23:14,codecarbon,1de34104-34cc-42bb-a80f-25922d81c583,5b0fa12a-3dd7-45bb-9766-cc326314d9f1,1.0229168999940157,3.246028308706239e-07,3.173305973070959e-07,8.229811741765102,0.0,10.0,2.2908883450622526e-06,0.0,2.72442499990575e-06,5.015313344968003e-06,0.0,Canada,CAN,ontario,,,Windows-10-10.0.26200-SP0,3.11.9,3.2.6,8,Intel(R) Core(TM) i7-1065G7 CPU @ 1.30GHz,0,,-75.6718,45.3316,15.595848083496094,process,0.0,0,0.0,0.0,N,1.0,0.0
2026-07-30T20:23:21,codecarbon,95eb8f63-4b26-4d61-b0fb-3ad61ffa6ed2,5b0fa12a-3dd7-45bb-9766-cc326314d9f1,2.5372711999807507,8.181003849172494e-07,3.224331655691579e-07,8.179429596525555,0.0,10.0,5.714805687991078e-06,0.0,6.9253483334452745e-06,1.2640154021436351e-05,0.0,Canada,CAN,ontario,,,Windows-10-10.0.26200-SP0,3.11.9,3.2.6,8,Intel(R) Core(TM) i7-1065G7 CPU @ 1.30GHz,0,,-75.6718,45.3316,15.595848083496094,process,0.0,0,73.9,11.52351188659668,N,1.0,0.0
2026-07-30T20:23:27,codecarbon,6e09fba8-3cdb-4fab-9c55-18d7006fb99c,5b0fa12a-3dd7-45bb-9766-cc326314d9f1,0.816572800045833,2.5251623534523426e-07,3.092390970297577e-07,7.90840485419045,0.0,10.0,1.748359170967482e-06,0.0,2.153171944923492e-06,3.901531115890974e-06,0.0,Canada,CAN,ontario,,,Windows-10-10.0.26200-SP0,3.11.9,3.2.6,8,Intel(R) Core(TM) i7-1065G7 CPU @ 1.30GHz,0,,-75.6718,45.3316,15.595848083496094,process,0.0,0,0.0,0.0,N,1.0,0.0
2026-07-30T20:23:34,codecarbon,fd63a91d-aef5-47c3-8969-27aff458d45b,5b0fa12a-3dd7-45bb-9766-cc326314d9f1,2.524851200170815,8.422504958255605e-07,3.3358421112839413e-07,8.793816373771593,0.0,10.0,6.115976418875631e-06,0.0,6.897311666721685e-06,1.3013288085597316e-05,0.0,Canada,CAN,ontario,,,Windows-10-10.0.26200-SP0,3.11.9,3.2.6,8,Intel(R) Core(TM) i7-1065G7 CPU @ 1.30GHz,0,,-75.6718,45.3316,15.595848083496094,process,0.0,0,74.0,11.540130615234377,N,1.0,0.0
2026-07-30T20:23:40,codecarbon,1c28adec-77fa-4e85-8046-da10ba1ad6c2,5b0fa12a-3dd7-45bb-9766-cc326314d9f1,1.1532610999420283,3.7012329801508537e-07,3.209362546206497e-07,8.348575115038466,0.0,10.0,2.628636998774342e-06,0.0,3.0899955554761817e-06,5.718632554250524e-06,0.0,Canada,CAN,ontario,,,Windows-10-10.0.26200-SP0,3.11.9,3.2.6,8,Intel(R) Core(TM) i7-1065G7 CPU @ 1.30GHz,0,,-75.6718,45.3316,15.595848083496094,process,0.0,0,74.0,11.547981262207031,N,1.0,0.0
2026-07-30T20:23:49,codecarbon,bb9d3d8c-81b3-40ee-856a-b366bf160735,5b0fa12a-3dd7-45bb-9766-cc326314d9f1,3.759261100087315,1.2407523722094648e-06,3.300521935495905e-07,8.51174123285729,0.0,10.0,8.840517404520704e-06,0.0,1.0329869721964415e-05,1.917038712648512e-05,0.0,Canada,CAN,ontario,,,Windows-10-10.0.26200-SP0,3.11.9,3.2.6,8,Intel(R) Core(TM) i7-1065G7 CPU @ 1.30GHz,0,,-75.6718,45.3316,15.595848083496094,process,33.333333333333336,0,74.0,11.539803822835289,N,1.0,0.0
2026-07-30T20:23:56,codecarbon,5ae210e0-b988-40ee-b24e-5a0974bdc632,5b0fa12a-3dd7-45bb-9766-cc326314d9f1,1.7047645000275224,5.023921292904335e-07,2.946988450793777e-07,6.719932107094525,0.0,10.0,3.143507333724363e-06,0.0,4.6187599998019225e-06,7.762267333526285e-06,0.0,Canada,CAN,ontario,,,Windows-10-10.0.26200-SP0,3.11.9,3.2.6,8,Intel(R) Core(TM) i7-1065G7 CPU @ 1.30GHz,0,,-75.6718,45.3316,15.595848083496094,process,0.0,0,75.0,11.698966979980469,N,1.0,0.0
2026-07-30T20:24:03,codecarbon,28f573c5-7ca8-49d5-9917-fd3754eb197b,5b0fa12a-3dd7-45bb-9766-cc326314d9f1,1.944298200076446,5.44881278268199e-07,2.802457350661413e-07,5.911691914390003,0.0,10.0,3.152641090392579e-06,0.0,5.266109722692312e-06,8.418750813084891e-06,0.0,Canada,CAN,ontario,,,Windows-10-10.0.26200-SP0,3.11.9,3.2.6,8,Intel(R) Core(TM) i7-1065G7 CPU @ 1.30GHz,0,,-75.6718,45.3316,15.595848083496094,process,0.0,0,75.3,11.739532470703123,N,1.0,0.0
2026-07-30T20:24:09,codecarbon,44e00eae-55e0-4e9a-a44d-2408e6543573,5b0fa12a-3dd7-45bb-9766-cc326314d9f1,0.7820150000043213,2.231385796421357e-07,2.853379789913271e-07,6.592771527590599,0.0,10.0,1.3935071589189996e-06,0.0,2.0541211111574537e-06,3.4476282700764533e-06,0.0,Canada,CAN,ontario,,,Windows-10-10.0.26200-SP0,3.11.9,3.2.6,8,Intel(R) Core(TM) i7-1065G7 CPU @ 1.30GHz,0,,-75.6718,45.3316,15.595848083496094,process,0.0,0,0.0,0.0,N,1.0,0.0
2026-07-30T20:24:15,codecarbon,da28fd25-0078-4e3d-a181-d68bf44f2fd9,5b0fa12a-3dd7-45bb-9766-cc326314d9f1,1.1469864000100642,3.21018969553491e-07,2.798803626186625e-07,6.094406307387818,0.0,10.0,1.906288817137724e-06,0.0,3.053651666656757e-06,4.959940483794481e-06,0.0,Canada,CAN,ontario,,,Windows-10-10.0.26200-SP0,3.11.9,3.2.6,8,Intel(R) Core(TM) i7-1065G7 CPU @ 1.30GHz,0,,-75.6718,45.3316,15.595848083496094,process,0.0,0,75.4,11.752769470214844,N,1.0,0.0
2026-07-30T20:24:21,codecarbon,f407c89b-1f1d-412c-9a2d-0907342592bc,5b0fa12a-3dd7-45bb-9766-cc326314d9f1,1.336014000000432,3.996746116973046e-07,2.9915450863327425e-07,7.085660154747394,0.0,10.0,2.5870296335298443e-06,0.0,3.588188889100113e-06,6.175218522629958e-06,0.0,Canada,CAN,ontario,,,Windows-10-10.0.26200-SP0,3.11.9,3.2.6,8,Intel(R) Core(TM) i7-1065G7 CPU @ 1.30GHz,0,,-75.6718,45.3316,15.595848083496094,process,0.0,0,75.3,11.740882873535156,N,1.0,0.0
2026-07-30T20:24:28,codecarbon,682d7473-1f0e-4b70-b804-dd026037e6b0,5b0fa12a-3dd7-45bb-9766-cc326314d9f1,1.0564365000464022,3.19049979125316e-07,3.0200582724215057e-07,7.357566116412975,0.0,10.0,2.116222815224713e-06,0.0,2.8132955556631915e-06,4.929518370887904e-06,0.0,Canada,CAN,ontario,,,Windows-10-10.0.26200-SP0,3.11.9,3.2.6,8,Intel(R) Core(TM) i7-1065G7 CPU @ 1.30GHz,0,,-75.6718,45.3316,15.595848083496094,process,0.0,0,0.0,0.0,N,1.0,0.0
2026-07-30T20:24:35,codecarbon,c9d2d985-abc6-4c58-bc27-555721b07c96,5b0fa12a-3dd7-45bb-9766-cc326314d9f1,2.744471099926159,8.030279103302231e-07,2.925984210042616e-07,6.516604854513378,0.0,10.0,4.921004742996126e-06,0.0,7.486270277553962e-06,1.2407275020550087e-05,0.0,Canada,CAN,ontario,,,Windows-10-10.0.26200-SP0,3.11.9,3.2.6,8,Intel(R) Core(TM) i7-1065G7 CPU @ 1.30GHz,0,,-75.6718,45.3316,15.595848083496094,process,50.0,0,75.35,11.75302505493164,N,1.0,0.0
