job_id,config_hash,timestamp,success,mean_score,std_score,mean_train_score,fit_time_mean,score_time_mean,n_neighbors,weights,metric,p,leaf_size,algorithm,f1_macro_mean,f1_macro_std,f1_micro_mean,f1_micro_std,f1_weighted_mean,f1_weighted_std,precision_macro_mean,precision_macro_std,recall_macro_mean,recall_macro_std,roc_auc_ovr_mean,roc_auc_ovr_std
0,5f83fc6c9fe0,2026-04-15 16:02:47,True,0.7020634920634921,0.04354127675616631,0.7092583472865164,0.0012161731719970703,0.9586751937866211,71,uniform,minkowski,2,30,auto,0.6790094554951415,0.04722456025321779,0.7020634920634921,0.04354127675616631,0.6964546189629399,0.04195103109593082,0.6890917633564693,0.044129177169663816,0.6802356902356902,0.04822075378917534,0.8893864349073978,0.032728921582696816
1,8b1886938d4f,2026-04-15 16:02:48,True,0.7074603174603175,0.06431529791566978,0.7303063134049049,0.003145647048950195,0.020205307006835937,41,uniform,euclidean,2,10,kd_tree,0.6979036800640117,0.07033462478990402,0.7074603174603175,0.06431529791566978,0.7085343841932439,0.06469701455110047,0.7052994227994229,0.07420715342251433,0.6989129389129389,0.06746787740398995,0.8813038715080641,0.03733397692072824
2,e929c6b7696a,2026-04-15 16:02:48,True,0.6798412698412698,0.045268995294751375,0.6966413867822319,0.0012091636657714845,0.030269432067871093,84,uniform,minkowski,2,40,auto,0.6308713013588848,0.07048758131781015,0.6798412698412698,0.045268995294751375,0.6563185685246846,0.06399080241733904,0.6385699096225411,0.0855264799880449,0.6454737854737855,0.05288720788894155,0.8800279675178743,0.04019966949963696
3,f968964a003d,2026-04-15 16:02:48,True,0.7693650793650794,0.07639456791918242,1.0,0.0012065887451171875,0.018392515182495118,3,distance,manhattan,1,50,auto,0.7612327820835487,0.07819766287624376,0.7693650793650794,0.07639456791918242,0.7662178584364054,0.07815003232441221,0.7747347097347097,0.07125639935523842,0.7642568542568543,0.07663024619801106,0.8916444330916381,0.03962761928208911
4,e4bc9c03018e,2026-04-15 16:02:48,True,0.7757142857142858,0.07131490073447101,1.0,0.0020145893096923826,0.037409067153930664,9,distance,manhattan,3,30,brute,0.7683642347990174,0.074417804360391,0.7757142857142858,0.07131490073447101,0.773363084580476,0.073315450225363,0.7792106042106042,0.06595452044407331,0.7755796055796055,0.07378184831989804,0.9141206689560727,0.025226173068316465
5,cf2917d5f920,2026-04-15 16:02:49,True,0.6855555555555556,0.06815127009839352,0.7148724514921698,0.0010979175567626953,0.02554631233215332,61,uniform,euclidean,3,30,ball_tree,0.670194361919852,0.06602006890003248,0.6855555555555556,0.06815127009839352,0.6850705247306556,0.06545497850020017,0.6761484811484811,0.0682329274484443,0.6689129389129389,0.06671061999414928,0.8897955845626655,0.033561825974766764
6,09f291e319a2,2026-04-15 16:02:49,True,0.64,0.03708515392950808,0.8736038609278045,0.0007540702819824219,0.03266510963439941,2,uniform,euclidean,3,40,brute,0.5730198638824164,0.05893860940812394,0.64,0.03708515392950808,0.6010487906203194,0.04669146952925759,0.5967158984806044,0.08347503825652877,0.6035690235690236,0.048273323299093,0.8128587705715035,0.044175252772311435
7,5f2e7c2e0095,2026-04-15 16:02:49,True,0.7136507936507936,0.01824637523237659,0.7359499655274303,0.0025652408599853515,0.015049219131469727,16,uniform,euclidean,3,30,auto,0.7022377619264015,0.021004782183666918,0.7136507936507936,0.01824637523237659,0.71126473719962,0.020688128260866502,0.7102723420370479,0.023066236882802144,0.7106349206349207,0.02370665608975513,0.868677279529764,0.02027210454957641
8,60c290e6ca04,2026-04-15 16:02:50,True,0.7019047619047619,0.08474852756933345,0.719068255687974,0.0021011829376220703,0.027414798736572266,51,uniform,minkowski,2,20,brute,0.6909736957063201,0.09449213095523253,0.7019047619047619,0.08474852756933345,0.70225020073463,0.0878821916596159,0.6946817071817073,0.0961924270096854,0.6941510341510342,0.093808661220734,0.8848656959270313,0.037043584866714586
9,3c9a9044738a,2026-04-15 16:02:50,True,0.707936507936508,0.020937945965512583,0.7289471092287994,0.001558828353881836,0.018773889541625975,65,uniform,manhattan,2,50,brute,0.6844779895839243,0.027118870997996716,0.707936507936508,0.020937945965512583,0.7006063917543339,0.02715239344720348,0.6912864695217638,0.03240450346382351,0.6876430976430977,0.02175756854799049,0.8997275270163468,0.03272409971548591
10,97bd5317d3fb,2026-04-15 16:02:51,True,0.7757142857142858,0.07131490073447101,1.0,0.0008049488067626953,0.024384450912475587,9,distance,manhattan,1,50,ball_tree,0.7683642347990174,0.074417804360391,0.7757142857142858,0.07131490073447101,0.773363084580476,0.073315450225363,0.7792106042106042,0.06595452044407331,0.7755796055796055,0.07378184831989804,0.9141206689560727,0.025226173068316465
11,7fcff46d3d0f,2026-04-15 16:02:51,True,0.775079365079365,0.06246107379385164,1.0,0.00040793418884277344,0.018083715438842775,2,distance,manhattan,1,40,kd_tree,0.7695396725435074,0.06496814460359468,0.775079365079365,0.06246107379385164,0.775255371702047,0.06446878932860518,0.7795896913543972,0.05761628413140252,0.7716642616642616,0.07035549230422625,0.8617227104043874,0.051262473656151185
12,d7050b9c39d2,2026-04-15 16:02:52,True,0.7757142857142858,0.07131490073447101,1.0,0.0008639335632324219,0.016019916534423827,9,distance,manhattan,3,10,auto,0.7683642347990174,0.074417804360391,0.7757142857142858,0.07131490073447101,0.773363084580476,0.073315450225363,0.7792106042106042,0.06595452044407331,0.7755796055796055,0.07378184831989804,0.9141206689560727,0.025226173068316465
13,f24a87fc0f02,2026-04-15 16:02:53,True,0.7473015873015874,0.07413497118861523,1.0,0.0015633583068847656,0.026340627670288087,61,distance,manhattan,3,10,ball_tree,0.7459958870973363,0.07492748860251387,0.7473015873015874,0.07413497118861523,0.7523875808265041,0.07306691238212894,0.7534765234765235,0.07309747675451234,0.7481721981721983,0.07552738262335287,0.9198126943794644,0.022293659038391738
14,8d1ee3a7ddc6,2026-04-15 16:02:54,True,0.7473015873015874,0.07413497118861523,1.0,0.0016092777252197266,0.019898319244384767,62,distance,manhattan,3,50,ball_tree,0.7459958870973363,0.07492748860251387,0.7473015873015874,0.07413497118861523,0.7523875808265041,0.07306691238212894,0.7534765234765235,0.07309747675451234,0.7481721981721983,0.07552738262335287,0.9203140448808151,0.022569960344225995
15,c177ae27dbf3,2026-04-15 16:02:55,True,0.7757142857142858,0.07131490073447101,1.0,0.0012065887451171875,0.02107691764831543,9,distance,manhattan,2,50,auto,0.7683642347990174,0.074417804360391,0.7757142857142858,0.07131490073447101,0.773363084580476,0.073315450225363,0.7792106042106042,0.06595452044407331,0.7755796055796055,0.07378184831989804,0.9141206689560727,0.025226173068316465
16,accc9fd84702,2026-04-15 16:02:56,True,0.7473015873015874,0.07413497118861523,1.0,0.0030183315277099608,0.03632044792175293,71,distance,manhattan,1,20,auto,0.7445466943148102,0.07331030724940549,0.7473015873015874,0.07413497118861523,0.7513293345460357,0.07192946759779754,0.7611322011322011,0.08222612002084413,0.7451563251563252,0.07226555228484365,0.9207433783722603,0.02130835146578706
17,a7d1c1c81770,2026-04-15 16:02:57,True,0.7080952380952381,0.050215960920473715,1.0,0.0011568069458007812,0.02080879211425781,9,distance,euclidean,3,50,auto,0.6911204857111903,0.07351529502562267,0.7080952380952381,0.050215960920473715,0.6995981501740764,0.06730028530749653,0.6998089240194504,0.06983365767260544,0.7045214045214044,0.05980959472324368,0.891145384291347,0.0237371067137299
18,15020aa7c3bd,2026-04-15 16:02:58,True,0.7809523809523811,0.061647818410218116,1.0,0.002014827728271484,0.014746522903442383,5,distance,manhattan,3,50,ball_tree,0.7696718136935529,0.06838516940556809,0.7809523809523811,0.061647818410218116,0.7756490062540786,0.06672407225160668,0.7873578273578273,0.05100437805022195,0.7749975949975949,0.06414535851264322,0.9119136271768259,0.03875097682936522
19,b18b078b207f,2026-04-15 16:03:00,True,0.7476190476190477,0.07559456109349816,0.8581010538757017,0.00353856086730957,0.02179999351501465,5,uniform,manhattan,3,30,ball_tree,0.7244984370559819,0.08443279434211076,0.7476190476190477,0.07559456109349816,0.735696745141758,0.08185879775141755,0.7439933166248957,0.0704129867903936,0.7337566137566138,0.07803140449065163,0.9012760689103857,0.03710767693706781
20,184bef93b6e8,2026-04-15 16:03:01,True,0.7471428571428571,0.0787589553071159,1.0,0.0012084484100341798,0.026695919036865235,76,distance,manhattan,3,50,ball_tree,0.7428466122275533,0.07868206014494776,0.7471428571428571,0.0787589553071159,0.7505538172474291,0.07646413704566282,0.7592440892440893,0.08670899647844058,0.7425108225108226,0.07790736831095378,0.9207285140095699,0.02203157001096461
21,30161e3dc197,2026-04-15 16:03:03,True,0.746984126984127,0.0731355127485526,0.9087067861715749,0.003102684020996094,0.029934120178222657,3,uniform,manhattan,3,40,kd_tree,0.7353959241777253,0.07966457900769734,0.746984126984127,0.0731355127485526,0.7409869225060335,0.07699389543268259,0.7482967032967033,0.07380066498753557,0.7417171717171718,0.07598230119829238,0.8813068857183766,0.03762747236449926
22,eacd2d38c445,2026-04-15 16:03:05,True,0.7417460317460318,0.0682901343827836,1.0,0.0010979652404785156,0.02274794578552246,67,distance,manhattan,3,50,ball_tree,0.7387337229724271,0.06768803955631852,0.7417460317460318,0.0682901343827836,0.7460065592820839,0.06693402991448301,0.7508757908757909,0.0704858923530693,0.7396007696007696,0.06726628026423782,0.9201659927948749,0.02227300045473808
23,65cb29e1f29f,2026-04-15 16:03:06,True,0.753015873015873,0.05573757031636727,1.0,0.0007529735565185546,0.018269872665405272,13,distance,manhattan,3,50,ball_tree,0.7433636848221135,0.055671063722383354,0.753015873015873,0.05573757031636727,0.7495990862234005,0.0561942586737932,0.750917785917786,0.04478098360462151,0.7501587301587301,0.053570899468286616,0.9158080266294553,0.012283711119194287
24,038044bfaba5,2026-04-15 16:03:08,True,0.7357142857142858,0.07855138432799125,1.0,0.0008072376251220704,0.01870760917663574,79,distance,manhattan,3,50,ball_tree,0.7303499985815144,0.07729517093939745,0.7357142857142858,0.07855138432799125,0.7391620672349893,0.07540210718448805,0.7457131757131757,0.08603656536329977,0.7276960076960077,0.07551820999567573,0.9193304949593768,0.022171769701249195
25,a443c4bb0f54,2026-04-15 16:03:10,True,0.7473015873015874,0.05501688968551092,1.0,0.0016093254089355469,0.026464414596557618,4,distance,manhattan,3,50,ball_tree,0.7420197891212384,0.056686256840775474,0.7473015873015874,0.05501688968551092,0.7466771714597802,0.05626296088988857,0.7557115107115107,0.053271126920881706,0.7443626743626744,0.05870620151686148,0.9072046886286017,0.036460986414295224
26,58a4aca27ae0,2026-04-15 16:03:13,True,0.7304761904761905,0.0508843436364435,1.0,0.0011548995971679688,0.018997001647949218,29,distance,manhattan,3,50,ball_tree,0.7238747861976093,0.05113397729361097,0.7304761904761905,0.0508843436364435,0.7315879760020217,0.04985388740276301,0.7333522033522033,0.04998070637048981,0.729018759018759,0.0529739995749618,0.9166234197134818,0.01174048147644428
27,6dd78b810a96,2026-04-15 16:03:14,True,0.7304761904761905,0.0508843436364435,1.0,0.0004965782165527344,0.021548128128051756,29,distance,minkowski,1,10,ball_tree,0.7238747861976093,0.05113397729361097,0.7304761904761905,0.0508843436364435,0.7315879760020217,0.04985388740276301,0.7333522033522033,0.04998070637048981,0.729018759018759,0.0529739995749618,0.9166234197134818,0.01174048147644428
28,a470db2f1b5c,2026-04-15 16:03:16,True,0.741904761904762,0.03882047756607396,0.813158672313602,0.0008074283599853515,0.01618952751159668,9,uniform,manhattan,1,20,brute,0.7273193507152638,0.04628350492103017,0.741904761904762,0.03882047756607396,0.7350678545116297,0.04522263364944017,0.7329469550057784,0.04072813746583747,0.7346560846560847,0.04284080948147544,0.896205342161864,0.014454620265588157
29,1f4e22559265,2026-04-15 16:03:18,True,0.6912698412698413,0.04822628696412554,1.0,0.00040297508239746095,0.024554634094238283,29,distance,euclidean,3,50,kd_tree,0.6720398998846091,0.06934509743358631,0.6912698412698413,0.04822628696412554,0.6837067011704994,0.06338025693879189,0.6806077548182811,0.06646592791604322,0.6838335738335738,0.05809144667778015,0.8938161539403776,0.021430040834661174
30,b42213204462,2026-04-15 16:03:20,True,0.7757142857142858,0.07131490073447101,1.0,0.0027018070220947267,0.020831537246704102,9,distance,manhattan,1,40,auto,0.7683642347990174,0.074417804360391,0.7757142857142858,0.07131490073447101,0.773363084580476,0.073315450225363,0.7792106042106042,0.06595452044407331,0.7755796055796055,0.07378184831989804,0.9141206689560727,0.025226173068316465
31,7680d5d14f25,2026-04-15 16:03:23,True,0.7246031746031747,0.06704353041886627,1.0,0.0012113094329833985,0.025043201446533204,84,distance,manhattan,2,40,kd_tree,0.7179389275395822,0.06804959046564416,0.7246031746031747,0.06704353041886627,0.7285381461674765,0.06576965784876537,0.7291242091242092,0.0741805881077415,0.7146801346801347,0.06691254483659574,0.9212244625055185,0.02126445459122561
32,c0902c91bf7b,2026-04-15 16:03:26,True,0.7809523809523811,0.061647818410218116,1.0,0.001207447052001953,0.0307462215423584,5,distance,manhattan,2,50,brute,0.7696718136935529,0.06838516940556809,0.7809523809523811,0.061647818410218116,0.7756490062540786,0.06672407225160668,0.7873578273578273,0.05100437805022195,0.7749975949975949,0.06414535851264322,0.9119136271768259,0.03875097682936522
33,6e5d063af1ca,2026-04-15 16:03:30,True,0.7474603174603174,0.05435992328695073,1.0,0.0012093067169189453,0.023935317993164062,28,distance,manhattan,3,50,auto,0.7435480815480815,0.052376765871054054,0.7474603174603174,0.05435992328695073,0.7486837236837237,0.052640415177393374,0.7508780108780109,0.048462497750398986,0.7505002405002404,0.053285901940309195,0.9176118228447422,0.0114706769927501
34,4b40ad2380d6,2026-04-15 16:03:32,True,0.7528571428571429,0.07718856833679845,1.0,0.001211690902709961,0.020145320892333986,69,distance,manhattan,3,50,auto,0.7494654470596499,0.07615148530214959,0.7528571428571429,0.07718856833679845,0.755911386954175,0.07452677336215288,0.7646675546675546,0.08351138098469532,0.7507118807118809,0.07549443078590673,0.9196931323220143,0.022415867989712863
35,6e713a7b255e,2026-04-15 16:03:35,True,0.7190476190476192,0.06346229460858349,1.0,0.0014132976531982422,0.037791776657104495,88,distance,manhattan,3,50,auto,0.7048549021588817,0.06363064132561268,0.7190476190476192,0.06346229460858349,0.7170242717686915,0.06199981133603029,0.7350212360738676,0.08003274299394965,0.7057912457912459,0.06349323209384139,0.9214339778578908,0.020849398629339707
36,fd753ce10b19,2026-04-15 16:03:38,True,0.7301587301587302,0.08762566112606682,1.0,0.0008045196533203125,0.026102590560913085,81,distance,manhattan,2,40,kd_tree,0.7241710181416644,0.08730580885731946,0.7301587301587302,0.08762566112606682,0.7335342843898152,0.08482173533167454,0.7387590187590188,0.09680164567845134,0.7210293410293411,0.08622785574585151,0.9201703314513875,0.022380869370896544
37,2257fe60356c,2026-04-15 16:03:41,True,0.7471428571428571,0.06596302895726083,1.0,0.0019713878631591798,0.019236278533935548,45,distance,manhattan,2,40,kd_tree,0.7440657246530625,0.06715482110403329,0.7471428571428571,0.06596302895726083,0.750970663017265,0.06435548660870823,0.7538677988677989,0.06679535172052888,0.7463203463203463,0.06628186104601179,0.9197000451239582,0.021086310453799228
38,80f8c10f6c9b,2026-04-15 16:03:44,True,0.741904761904762,0.05236026527523157,1.0,0.0008044242858886719,0.016223382949829102,22,distance,manhattan,2,40,kd_tree,0.7302662300977303,0.057642274455403104,0.741904761904762,0.05236026527523157,0.7384535167049376,0.05707409974158035,0.7411341381929616,0.04588835993300314,0.7392833092833093,0.05489662851660599,0.9181771420436016,0.013149583796781168
39,d60217f66842,2026-04-15 16:03:47,True,0.758888888888889,0.06813648064701429,1.0,0.0,0.018789052963256836,14,distance,manhattan,2,40,kd_tree,0.7471021827994344,0.07264760864572506,0.758888888888889,0.06813648064701429,0.7541915530535584,0.07245862067547199,0.7556462927051163,0.060009613467356636,0.7556613756613756,0.06850852820878425,0.916056191163334,0.011803724584233337
40,5b6cfc4d2258,2026-04-15 16:03:50,True,0.7528571428571429,0.08108858756016096,1.0,0.0008057117462158203,0.015851926803588868,53,distance,manhattan,2,40,kd_tree,0.7516746995129908,0.0819477862757152,0.7528571428571429,0.08108858756016096,0.7575985569848488,0.07925634381945879,0.7601350501350501,0.0809314285118092,0.7537277537277538,0.08235833590677508,0.918497543921457,0.020722459163346287
41,9f649dcf6b0f,2026-04-15 16:03:53,True,0.7473015873015874,0.07413497118861523,1.0,0.00040302276611328127,0.01948404312133789,63,distance,manhattan,2,40,kd_tree,0.7459958870973363,0.07492748860251387,0.7473015873015874,0.07413497118861523,0.7523875808265041,0.07306691238212894,0.7534765234765235,0.07309747675451234,0.7481721981721983,0.07552738262335287,0.9198560487706452,0.0230700260637994
42,3e6fe65f9914,2026-04-15 16:03:57,True,0.7528571428571429,0.06162451829202493,1.0,0.0015059947967529298,0.03380579948425293,41,distance,manhattan,3,50,brute,0.7496690315419186,0.060231960417194245,0.7528571428571429,0.06162451829202493,0.7556800189780324,0.05947305475243939,0.7612054612054611,0.05884066445828193,0.7526166426166426,0.059323028568577976,0.9172171942389336,0.017724693037010436
43,c6c5669fc995,2026-04-15 16:04:00,True,0.775079365079365,0.06246107379385164,1.0,0.0031341552734375,0.018686962127685548,2,distance,manhattan,2,40,ball_tree,0.7695396725435074,0.06496814460359468,0.775079365079365,0.06246107379385164,0.775255371702047,0.06446878932860518,0.7795896913543972,0.05761628413140252,0.7716642616642616,0.07035549230422625,0.8617227104043874,0.051262473656151185
44,4b1a7fa3c668,2026-04-15 16:04:03,True,0.7474603174603175,0.057128305025370835,1.0,0.00191497802734375,0.028573369979858397,21,distance,manhattan,2,40,kd_tree,0.7400906872556157,0.054824899973711816,0.7474603174603175,0.057128305025370835,0.7470657101865228,0.05571961663796739,0.7462570762570762,0.04927814412436964,0.745949975949976,0.055596048118887395,0.9210313988978583,0.01054315596257265
45,400f2433ff06,2026-04-15 16:04:07,True,0.6461904761904762,0.05066551297568635,1.0,0.0026685714721679686,0.04934592247009277,81,distance,minkowski,3,30,ball_tree,0.6253998846018727,0.06481634825581939,0.6461904761904762,0.05066551297568635,0.641272913078453,0.06127867396251262,0.6324492684245007,0.06760544373480028,0.6297065897065897,0.05557983640107927,0.893875148431049,0.02265834236051942
46,541fdbe96425,2026-04-15 16:04:11,True,0.719047619047619,0.06098213559459854,1.0,0.0024610042572021486,0.030895090103149413,85,distance,manhattan,3,50,ball_tree,0.7108263405693103,0.0610959188628661,0.719047619047619,0.06098213559459854,0.7220375136564074,0.059655580107808956,0.7245957310663194,0.06915176939772173,0.708013468013468,0.060281592102601755,0.9218991515730647,0.022230812076202967
47,fb8c6b461471,2026-04-15 16:04:17,True,0.7304761904761905,0.05662596911249248,1.0,0.0015099525451660156,0.0334129810333252,31,distance,manhattan,3,50,ball_tree,0.7230791020432515,0.06001404213183165,0.7304761904761905,0.05662596911249248,0.7308584946345652,0.057635241908985925,0.7346647796647796,0.0582204143743671,0.7290187590187591,0.061823277548517866,0.9157218992762471,0.012435408600621808
48,7fc73dd6cb42,2026-04-15 16:04:23,True,0.7022222222222222,0.04516256574220791,0.7064315965724417,0.0025931835174560548,0.04644408226013184,65,uniform,minkowski,3,20,kd_tree,0.6820861875235741,0.05162650580021918,0.7022222222222222,0.04516256574220791,0.6973078431953205,0.04871097230786552,0.6837837162837161,0.056283360965560886,0.6847859547859547,0.04763025652619355,0.886203252349215,0.0339764462716884
49,ebf27739f4ad,2026-04-15 16:04:28,True,0.6519047619047619,0.04996244495388224,1.0,0.0012619495391845703,0.030930709838867188,88,distance,euclidean,1,30,ball_tree,0.6310173495741764,0.064186207935367,0.6519047619047619,0.04996244495388224,0.6473212303525767,0.0610365569952003,0.6366268283373546,0.0675435933569795,0.6352621452621452,0.05415230734750132,0.8967911204277664,0.022152979744131128
50,81a449064dd8,2026-04-15 16:04:33,True,0.7473015873015874,0.07413497118861523,1.0,0.0007009029388427735,0.02556748390197754,60,distance,manhattan,3,10,auto,0.7459958870973363,0.07492748860251387,0.7473015873015874,0.07413497118861523,0.7523875808265041,0.07306691238212894,0.7534765234765235,0.07309747675451234,0.7481721981721983,0.07552738262335287,0.9203255148922851,0.021811113680410072
51,810eaf8e78e7,2026-04-15 16:04:39,True,0.736031746031746,0.06914807507239945,1.0,0.0,0.01600513458251953,70,distance,manhattan,1,50,auto,0.7305521882126992,0.06812301407032947,0.736031746031746,0.06914807507239945,0.738735575088685,0.0665833259858643,0.7516686581392464,0.08074551150099095,0.731082251082251,0.06854911759975431,0.9196931323220143,0.022415867989712863
52,db029039ad2a,2026-04-15 16:04:44,True,0.7641269841269841,0.07350663231097711,1.0,0.0012068748474121094,0.025157070159912108,6,distance,manhattan,3,50,ball_tree,0.754817771419262,0.08174794821792639,0.7641269841269841,0.07350663231097711,0.7588360342459838,0.0785632058840204,0.7708416093710211,0.06933015953463212,0.7645502645502645,0.08039403533986442,0.9117008136790746,0.03296499442070667
53,63f885b3ba95,2026-04-15 16:04:53,True,0.6519047619047619,0.04996244495388224,1.0,0.0,0.036617708206176755,85,distance,minkowski,2,20,auto,0.6310173495741764,0.064186207935367,0.6519047619047619,0.04996244495388224,0.6473212303525767,0.0610365569952003,0.6366268283373546,0.0675435933569795,0.6352621452621452,0.05415230734750132,0.8962098498464959,0.02315979848813443
54,866f48c5e783,2026-04-15 16:05:00,True,0.7757142857142858,0.07131490073447101,1.0,0.0012060165405273437,0.026264715194702148,11,distance,manhattan,3,50,auto,0.769301488634822,0.06851716807176317,0.7757142857142858,0.07131490073447101,0.7748124180346403,0.06924242744145949,0.773105043105043,0.06246596654999947,0.7718229918229917,0.06699759267699071,0.9130942607541985,0.020036732601744604
55,add93889e738,2026-04-15 16:05:08,True,0.763968253968254,0.07390862096508395,1.0,0.0009521007537841797,0.0204744815826416,49,distance,manhattan,3,50,ball_tree,0.7624968339003426,0.07396726332491212,0.763968253968254,0.07390862096508395,0.7676186126136001,0.07166942809949976,0.7708432308432307,0.06991077746204169,0.765949975949976,0.07325916256390617,0.9181556635795767,0.020754741484871938
56,26dec964c0e4,2026-04-15 16:05:16,True,0.7473015873015874,0.05775378884520322,1.0,0.00041794776916503906,0.031151628494262694,46,distance,manhattan,3,50,auto,0.7447502787970789,0.05661487661771521,0.7473015873015874,0.05775378884520322,0.751097966569893,0.056165223424562816,0.7576701076701077,0.056786692145973615,0.747061087061087,0.05534696655696451,0.9204178458417589,0.021159860244069482
57,277a1efed4de,2026-04-15 16:05:26,True,0.7417460317460317,0.05302537696392922,1.0,0.002240419387817383,0.03740415573120117,30,distance,manhattan,3,50,auto,0.7380294026960692,0.05173213312271372,0.7417460317460317,0.05302537696392922,0.7440897568040425,0.05144469677759209,0.7473926073926074,0.049113826070352216,0.743092833092833,0.05246652265665835,0.9157037904009954,0.012231041555261715
58,5988c5c70fd0,2026-04-15 16:05:34,True,0.7134920634920635,0.056477609125895854,1.0,0.0016100406646728516,0.034780359268188475,86,distance,manhattan,3,50,auto,0.7031023262323927,0.05670863679020079,0.7134920634920635,0.056477609125895854,0.7150632006337074,0.055784979156715375,0.7197591297591297,0.06475578569253687,0.7013468013468014,0.056089282326439484,0.9211014307753438,0.020849321759358403
59,94c0a40ea1ce,2026-04-15 16:05:42,True,0.7698412698412698,0.05864214769703219,1.0,0.0,0.026416921615600587,7,distance,manhattan,3,50,auto,0.7623986098800272,0.06342250178467967,0.7698412698412698,0.05864214769703219,0.7664392628276475,0.06237924478174974,0.7745691345691346,0.05479563062501353,0.7703944203944204,0.06104859923958294,0.9176582424936462,0.024045218065870788
60,28474f927399,2026-04-15 16:05:51,True,0.7528571428571429,0.06407981921036261,1.0,0.0021123409271240233,0.035041189193725585,47,distance,manhattan,3,50,auto,0.7513495468567932,0.063671178412723,0.7528571428571429,0.06407981921036261,0.7571994365320798,0.0623331839128146,0.7623526473526473,0.06210883971702002,0.7537277537277538,0.06231712921711256,0.9191644325883457,0.020756187774761726
61,e76384ce0db5,2026-04-15 16:06:00,True,0.7473015873015874,0.07413497118861523,1.0,0.001961421966552734,0.02115468978881836,58,distance,manhattan,3,50,auto,0.7459958870973363,0.07492748860251387,0.7473015873015874,0.07413497118861523,0.7523875808265041,0.07306691238212894,0.7534765234765235,0.07309747675451234,0.7481721981721983,0.07552738262335287,0.918562034985948,0.022335636078339667
62,8db9135f634f,2026-04-15 16:06:10,True,0.7533333333333333,0.06010279260577124,1.0,0.002333259582519531,0.024022769927978516,15,distance,manhattan,3,50,auto,0.7418307273162427,0.06554096120165118,0.7533333333333333,0.06010279260577124,0.749085387197299,0.06472768017154622,0.7514227384815619,0.05261838881657468,0.7505820105820106,0.062099904968839874,0.914786665715237,0.014963997012000645
63,04bb6c0b901f,2026-04-15 16:06:20,True,0.7306349206349206,0.04686331529010561,1.0,0.0007695198059082031,0.02260613441467285,37,distance,manhattan,3,50,auto,0.7249834502261818,0.045822442186830424,0.7306349206349206,0.04686331529010561,0.7320553997554867,0.04641789264641339,0.7347663447663447,0.04444136472227445,0.7297594997594998,0.046225521634819466,0.9163385177624308,0.016103798489172667
64,fe87b640df9a,2026-04-15 16:06:28,True,0.7473015873015874,0.08013688213964114,1.0,0.0,0.02557859420776367,52,distance,manhattan,3,50,auto,0.7446886903530686,0.08089858277093628,0.7473015873015874,0.08013688213964114,0.7513340485464273,0.07817827946287681,0.752054242054242,0.08013962105046225,0.7470610870610871,0.08155113913587798,0.9185624327363457,0.021067360605581266
65,8dc82afa3c4d,2026-04-15 16:06:37,True,0.7357142857142858,0.07855138432799125,1.0,0.001117563247680664,0.02988424301147461,80,distance,manhattan,3,50,auto,0.7303499985815144,0.07729517093939745,0.7357142857142858,0.07855138432799125,0.7391620672349893,0.07540210718448805,0.7457131757131757,0.08603656536329977,0.7276960076960077,0.07551820999567573,0.919953881234937,0.0226996026086467
66,515dbb8c1131,2026-04-15 16:06:46,True,0.7357142857142858,0.07855138432799125,1.0,0.00110626220703125,0.029326963424682616,77,distance,manhattan,3,50,brute,0.7303499985815144,0.07729517093939745,0.7357142857142858,0.07855138432799125,0.7391620672349893,0.07540210718448805,0.7457131757131757,0.08603656536329977,0.7276960076960077,0.07551820999567573,0.9205120637931197,0.02233778977194117
67,d4d9743d3dc1,2026-04-15 16:06:57,True,0.7417460317460318,0.055859937141706825,1.0,0.0002007007598876953,0.04719104766845703,39,distance,manhattan,3,50,brute,0.737424288630509,0.05417173217493041,0.7417460317460318,0.055859937141706825,0.7439553321422345,0.05378886876358894,0.7487345987345987,0.05540937958435934,0.7411880711880712,0.053383321290106436,0.9156448406665797,0.018085122450364196
68,278bd9caab3b,2026-04-15 16:07:07,True,0.7584126984126984,0.07158114216982088,1.0,0.0020888328552246095,0.041803503036499025,54,distance,manhattan,3,50,brute,0.757578081155503,0.07193542116814963,0.7584126984126984,0.07158114216982088,0.7630365602054607,0.06973809237632668,0.7673078773078773,0.06868891658965222,0.7603944203944204,0.0711274773643942,0.918497543921457,0.020722459163346287
69,747e101cd1d4,2026-04-15 16:07:20,True,0.7528571428571429,0.08108858756016096,1.0,0.0,0.022612619400024413,55,distance,manhattan,3,50,ball_tree,0.7516746995129908,0.0819477862757152,0.7528571428571429,0.08108858756016096,0.7575985569848488,0.07925634381945879,0.7601350501350501,0.0809314285118092,0.7537277537277538,0.08235833590677508,0.9187766722005852,0.020419411287385284
70,4e44f2e6b35c,2026-04-15 16:07:30,True,0.725079365079365,0.05217033172426361,1.0,0.003705406188964844,0.019015407562255858,32,distance,manhattan,3,50,ball_tree,0.7164638428079287,0.058599043892307884,0.725079365079365,0.05217033172426361,0.7244114184160267,0.05709455342196295,0.7295719966308202,0.05337984760811221,0.723092833092833,0.056738932544172074,0.9155204803248281,0.012485586485428836
71,05b5a7c30fd0,2026-04-15 16:07:41,True,0.7306349206349206,0.04686331529010561,1.0,0.00217437744140625,0.0217435359954834,38,distance,manhattan,3,50,ball_tree,0.7249834502261818,0.045822442186830424,0.7306349206349206,0.04686331529010561,0.7320553997554867,0.04641789264641339,0.7347663447663447,0.04444136472227445,0.7297594997594998,0.046225521634819466,0.9152800203017595,0.017489690871184637
72,277db4bdb612,2026-04-15 16:07:54,True,0.7415873015873016,0.07534852253912096,1.0,0.0017366886138916015,0.03014678955078125,72,distance,manhattan,2,40,kd_tree,0.7378281738757816,0.0754200166004377,0.7415873015873016,0.07534852253912096,0.7453723731770961,0.07309212195465146,0.7546098346098347,0.08460732231492389,0.7377489177489178,0.07486779300814106,0.9207718684007503,0.02114394265161348
73,ecad1ae6fe8b,2026-04-15 16:08:06,True,0.7357142857142858,0.07855138432799125,1.0,0.003177452087402344,0.012526655197143554,78,distance,manhattan,3,50,ball_tree,0.7303499985815144,0.07729517093939745,0.7357142857142858,0.07855138432799125,0.7391620672349893,0.07540210718448805,0.7457131757131757,0.08603656536329977,0.7276960076960077,0.07551820999567573,0.9195527171815991,0.02219539523836555
74,64dd9105baad,2026-04-15 16:08:21,True,0.7644444444444445,0.0747876813312966,0.8342755835713582,0.0020725250244140623,0.03427810668945312,7,uniform,manhattan,1,30,brute,0.751932779329497,0.08158457193057893,0.7644444444444445,0.0747876813312966,0.7588006446172829,0.07961001374787205,0.7571092741680976,0.07496070553888766,0.7604232804232803,0.07861258786907709,0.9028128349393876,0.018638348191046313
75,220c0705df59,2026-04-15 16:08:46,True,0.7585714285714286,0.0509630113026894,1.0,0.0022405147552490234,0.04499492645263672,19,distance,manhattan,3,50,ball_tree,0.7523470128975612,0.04823830819330009,0.7585714285714286,0.0509630113026894,0.7582626691655706,0.047697591580913634,0.7619217819217818,0.04312027686007233,0.7576190476190475,0.04622182975587786,0.919760056483659,0.013167797461155473
76,204b9bbcf170,2026-04-15 16:09:13,True,0.736031746031746,0.05412582040363307,1.0,0.0018568992614746093,0.06438865661621093,40,distance,manhattan,3,50,ball_tree,0.729704054117479,0.05344223981467044,0.736031746031746,0.05412582040363307,0.7374539499933056,0.05204262944715482,0.7367554667554668,0.051246114729953156,0.7337806637806639,0.05428728265023742,0.9162315132532525,0.01843489162203343
77,7c1293c16219,2026-04-15 16:09:51,True,0.7528571428571429,0.08108858756016096,1.0,0.0033013343811035155,0.08117294311523438,56,distance,manhattan,3,50,ball_tree,0.7516746995129908,0.0819477862757152,0.7528571428571429,0.08108858756016096,0.7575985569848488,0.07925634381945879,0.7601350501350501,0.0809314285118092,0.7537277537277538,0.08235833590677508,0.9193882458121589,0.021581512646973593
78,8409716cf56c,2026-04-15 16:10:28,True,0.7584126984126984,0.05152401490438193,1.0,0.0025647640228271484,0.059185028076171875,20,distance,manhattan,3,50,ball_tree,0.7532952142695507,0.04908079879470726,0.7584126984126984,0.05152401490438193,0.7592612971686964,0.04879166684510864,0.7635812335812335,0.044260330377024135,0.7592833092833093,0.047483718480093695,0.9205299743964339,0.010720482311514444
79,143178b5008d,2026-04-15 16:11:07,True,0.7023809523809524,0.06408453726408364,1.0,0.006649827957153321,0.19651713371276855,87,distance,manhattan,3,40,ball_tree,0.6898399096366428,0.06456640163080409,0.7023809523809524,0.06408453726408364,0.7023032239848417,0.06435248053716737,0.7099296609822926,0.06873689147675502,0.6899182299182299,0.06317437574820116,0.9215819780058911,0.021060457255501173
80,f8d32ea6b95d,2026-04-15 16:11:41,True,0.775079365079365,0.06246107379385164,1.0,0.003124427795410156,0.05951991081237793,2,distance,manhattan,2,50,ball_tree,0.7695396725435074,0.06496814460359468,0.775079365079365,0.06246107379385164,0.775255371702047,0.06446878932860518,0.7795896913543972,0.05761628413140252,0.7716642616642616,0.07035549230422625,0.8617227104043874,0.051262473656151185
81,840e35b0e8b7,2026-04-15 16:11:57,True,0.7528571428571429,0.08108858756016096,1.0,0.0026982784271240234,0.03708438873291016,64,distance,manhattan,2,40,kd_tree,0.7516247741297322,0.08188182570750874,0.7528571428571429,0.08108858756016096,0.7580189431830127,0.07979408295537864,0.7601350501350501,0.0809314285118092,0.752934102934103,0.08132469171705077,0.9199141916859308,0.023047868381555158
82,b3c95cfe4d62,2026-04-15 16:12:13,True,0.7301587301587302,0.08762566112606682,1.0,0.0012093544006347655,0.03768143653869629,82,distance,manhattan,1,50,ball_tree,0.7241710181416644,0.08730580885731946,0.7301587301587302,0.08762566112606682,0.7335342843898152,0.08482173533167454,0.7387590187590188,0.09680164567845134,0.7210293410293411,0.08622785574585151,0.921811135092191,0.02181632322068522
83,141fbd83fe2c,2026-04-15 16:12:38,True,0.7590476190476191,0.06539335789851781,1.0,0.0028818607330322265,0.04743661880493164,12,distance,manhattan,2,40,kd_tree,0.7448659822763402,0.06892620463452429,0.7590476190476191,0.06539335789851781,0.7528776530946145,0.06839653510593292,0.7561102731690966,0.057446577403387884,0.7504761904761905,0.06312912138021844,0.9157938014366586,0.01757174307428358
84,7a503f852c3b,2026-04-15 16:13:11,True,0.7361904761904762,0.05034674427015301,1.0,0.0023315906524658202,0.05238785743713379,36,distance,manhattan,2,40,kd_tree,0.7301170820264802,0.048703992166241945,0.7361904761904762,0.05034674427015301,0.7374097162209143,0.049392530205540054,0.7396847596847598,0.04602679072221318,0.7345214045214046,0.04896521959771713,0.9161220675459806,0.01569172347311642
85,2a2c3932378a,2026-04-15 16:13:49,True,0.7417460317460317,0.05302537696392922,1.0,0.0020261764526367187,0.04638376235961914,25,distance,manhattan,3,50,ball_tree,0.7367320956016608,0.051142294839350136,0.7417460317460317,0.05302537696392922,0.7428158524245482,0.050657394872647546,0.7428982128982129,0.04684521321047014,0.743092833092833,0.05246652265665835,0.9208754692512455,0.012493870448186927
86,ef84c1457707,2026-04-15 16:14:22,True,0.7417460317460317,0.05302537696392922,1.0,0.0029352188110351564,0.06405234336853027,23,distance,manhattan,2,40,kd_tree,0.7346205587774802,0.051491249718092526,0.7417460317460317,0.05302537696392922,0.7415518495053728,0.05057771630860486,0.7404946904946905,0.04741174073415856,0.7404473304473305,0.053180533007744,0.9191455070119666,0.013416241331201824
87,545b1355cda6,2026-04-15 16:15:01,True,0.7417460317460317,0.05302537696392922,1.0,0.007163476943969726,0.08472619056701661,26,distance,manhattan,2,40,kd_tree,0.7375978964674615,0.05176765745992849,0.7417460317460317,0.05302537696392922,0.7439784993014807,0.05143436116099006,0.7459673659673659,0.04930267210919833,0.743092833092833,0.05246652265665835,0.9199184262942028,0.012739627495531591
88,3f8d8c872ccf,2026-04-15 16:15:28,True,0.775079365079365,0.06246107379385164,1.0,0.002572298049926758,0.0412752628326416,1,distance,manhattan,2,40,kd_tree,0.7695396725435074,0.06496814460359468,0.775079365079365,0.06246107379385164,0.775255371702047,0.06446878932860518,0.7795896913543972,0.05761628413140252,0.7716642616642616,0.07035549230422625,0.8293070375679072,0.0525083953877665
89,8966eff97b59,2026-04-15 16:16:01,True,0.7646031746031746,0.06067895019049616,1.0,0.0020316123962402345,0.05238656997680664,17,distance,manhattan,2,40,kd_tree,0.7549260665599339,0.06170218949111012,0.7646031746031746,0.06067895019049616,0.7614097490900367,0.061718715690963905,0.7626216376216377,0.049416100646384103,0.762010582010582,0.06064830826287338,0.9207813622999957,0.012937984589239835
90,311d7fbc3726,2026-04-15 16:16:41,True,0.7473015873015874,0.07413497118861523,1.0,0.001964378356933594,0.04305620193481445,73,distance,manhattan,2,40,kd_tree,0.7445466943148102,0.07331030724940549,0.7473015873015874,0.07413497118861523,0.7513293345460357,0.07192946759779754,0.7611322011322011,0.08222612002084413,0.7451563251563252,0.07226555228484365,0.9209598285887106,0.021494661750709805
91,cf79bbc9dc30,2026-04-15 16:17:16,True,0.7415873015873016,0.05930350766748902,1.0,0.0016163349151611327,0.0365478515625,44,distance,manhattan,2,40,kd_tree,0.7374664565933482,0.05970644438455193,0.7415873015873016,0.05930350766748902,0.7448691930550784,0.057747084889733624,0.7491852591852591,0.061232166104874794,0.7396536796536796,0.05894388674679922,0.9190788145027275,0.020156697931919695
92,939f54b9a9a0,2026-04-15 16:17:47,True,0.7306349206349206,0.04686331529010561,1.0,0.0022751808166503905,0.039172935485839847,35,distance,manhattan,2,40,kd_tree,0.7249834502261818,0.045822442186830424,0.7306349206349206,0.04686331529010561,0.7320553997554867,0.04641789264641339,0.7347663447663447,0.04444136472227445,0.7297594997594998,0.046225521634819466,0.91540426682818,0.015164412254019797
93,d9663deb1b7a,2026-04-15 16:18:19,True,0.7528571428571429,0.08108858756016096,1.0,0.0015607833862304687,0.027843332290649413,50,distance,manhattan,2,40,kd_tree,0.7516746995129908,0.0819477862757152,0.7528571428571429,0.08108858756016096,0.7575985569848488,0.07925634381945879,0.7601350501350501,0.0809314285118092,0.7537277537277538,0.08235833590677508,0.918452033875947,0.02093257281815553
94,4be7b1c4b660,2026-04-15 16:18:45,True,0.763968253968254,0.07390862096508395,1.0,0.0016106605529785157,0.02038431167602539,48,distance,manhattan,2,40,kd_tree,0.7624968339003426,0.07396726332491212,0.763968253968254,0.07390862096508395,0.7676186126136001,0.07166942809949976,0.7708432308432307,0.06991077746204169,0.765949975949976,0.07325916256390617,0.9187062333801463,0.02081629547406488
95,1fddcd8e8996,2026-04-15 16:19:18,True,0.7473015873015874,0.05775378884520322,1.0,0.001970243453979492,0.03653883934020996,27,distance,manhattan,2,40,kd_tree,0.7433513314382879,0.05709018541101572,0.7473015873015874,0.05775378884520322,0.7487763267328484,0.0557944318425886,0.7501631701631701,0.05357287497160849,0.7497594997594998,0.0586114984360583,0.9179673839503032,0.012040174055549784
96,a715ec1b74a5,2026-04-15 16:19:45,True,0.7415873015873016,0.07534852253912096,1.0,0.0015058517456054688,0.033734464645385744,75,distance,manhattan,2,40,kd_tree,0.7378281738757816,0.0754200166004377,0.7415873015873016,0.07534852253912096,0.7453723731770961,0.07309212195465146,0.7546098346098347,0.08460732231492389,0.7377489177489178,0.07486779300814106,0.9207718684007503,0.022171142487156546
97,414d6f3d2d7c,2026-04-15 16:20:18,True,0.7812698412698413,0.06322682694276771,1.0,0.0016131401062011719,0.03410148620605469,10,distance,manhattan,2,30,kd_tree,0.7743450410359061,0.06755309113730887,0.7812698412698413,0.06322682694276771,0.7783948883303593,0.06621532000694169,0.787088467088467,0.05436407969481516,0.7803415103415103,0.06318453076599885,0.9162540264543371,0.017055356970118885
98,95dd286188a7,2026-04-15 16:20:52,True,0.7417460317460318,0.0682901343827836,1.0,0.0024212360382080077,0.039116191864013675,66,distance,manhattan,2,40,kd_tree,0.7387337229724271,0.06768803955631852,0.7417460317460318,0.0682901343827836,0.7460065592820839,0.06693402991448301,0.7508757908757909,0.0704858923530693,0.7396007696007696,0.06726628026423782,0.9198857016574408,0.022808132660037672
99,09224274ff1e,2026-04-15 16:21:21,True,0.7474603174603175,0.057128305025370835,1.0,0.0012069225311279296,0.03874845504760742,24,distance,manhattan,2,40,kd_tree,0.7400906872556157,0.054824899973711816,0.7474603174603175,0.057128305025370835,0.7470657101865228,0.05571961663796739,0.7462570762570762,0.04927814412436964,0.745949975949976,0.055596048118887395,0.9205893321079657,0.011933509286315442
