job_id,config_hash,timestamp,success,mean_score,std_score,mean_train_score,fit_time_mean,score_time_mean,n_estimators,max_depth,learning_rate,subsample,colsample_bytree,min_child_weight,gamma,f1_macro_mean,f1_macro_std,f1_micro_mean,f1_micro_std,f1_weighted_mean,f1_weighted_std,precision_macro_mean,precision_macro_std,recall_macro_mean,recall_macro_std,roc_auc_ovr_mean,roc_auc_ovr_std
0,1a259f0403b7,2026-04-14 15:19:48,True,0.7327317953470225,0.025488458191576854,0.7901906057716254,1.5574889659881592,0.04834141731262207,275,4,0.01,1.0,1.0,1,0,0.7310092831903329,0.026585044544046147,0.7327317953470225,0.025488458191576854,0.7266689022878356,0.0256301290612122,0.7400109598467204,0.02795089132180938,0.7337998304637847,0.026902468985553325,0.8985595578625791,0.011046012120806898
1,dbdbf2693a04,2026-04-14 15:19:57,True,0.8501292493781397,0.027488435193887155,0.9277620525654029,1.5801773548126221,0.045157575607299806,300,4,0.22,1.0,1.0,1,0,0.8551158085942505,0.026852008635496343,0.8501292493781397,0.027488435193887155,0.8508001937937152,0.0269638129384992,0.8567580199174806,0.02526150401934375,0.8564268587932906,0.028641022597291493,0.9547148673880488,0.020752584241029753
2,ef6ebbf9651b,2026-04-14 15:19:59,True,0.7889967321855338,0.03145468040139289,0.8624267309713118,0.41211791038513185,0.044342565536499026,50,6,0.08,1.0,1.0,1,0,0.7906609303436263,0.030848901333933865,0.7889967321855338,0.03145468040139289,0.7867381087305475,0.03144542975454546,0.7957288464477026,0.027747342041444415,0.7917641131392794,0.033391219071008615,0.9307840448273297,0.012333911477489141
3,c1a616f68084,2026-04-14 15:20:17,True,0.8580110227771545,0.02430031824925122,0.9277620525654029,3.443262529373169,0.06632819175720214,200,12,0.09,1.0,1.0,1,0,0.8618585408145828,0.02380785197887692,0.8580110227771545,0.02430031824925122,0.8584757105040042,0.02380574566252683,0.8621460655874277,0.021990822924362288,0.8630362633867588,0.025894029503737037,0.9585769285281392,0.01761605718344492
4,716ba47356d6,2026-04-14 15:20:22,True,0.8146271277374042,0.024252577710777,0.8888087442979232,0.8862089157104492,0.04105672836303711,125,5,0.07,1.0,1.0,1,0,0.8181674086536905,0.02290577159830513,0.8146271277374042,0.024252577710777,0.814692583844316,0.023613270611884785,0.8213662375075621,0.02008838107356186,0.8171071801165949,0.025933367271601233,0.9387375615670333,0.0143038721905104
5,d7818960802d,2026-04-14 15:20:25,True,0.8589913671170073,0.026829990773756,0.9277620525654029,0.3962413787841797,0.032342720031738284,50,8,0.28,1.0,1.0,1,0,0.8632993163376554,0.02625207603010796,0.8589913671170073,0.026829990773756,0.8594814585356879,0.026376404614439578,0.864437337510459,0.024929329944640356,0.8642032678705126,0.028117934777247423,0.9592039496460109,0.01900548881770495
6,ff7d92216772,2026-04-14 15:20:30,True,0.8511193483880408,0.026543521912483426,0.9277620525654029,0.927113676071167,0.04587345123291016,225,4,0.3,1.0,1.0,1,0,0.8559563721247633,0.026052701199857878,0.8511193483880408,0.026543521912483426,0.8517469970481635,0.02607781082690708,0.8574431110846131,0.024636145629879577,0.8572398669233718,0.027798169023446347,0.9545619278517654,0.019511087195703172
7,e642fd440fd3,2026-04-14 15:20:37,True,0.8530897917377945,0.028661473251122935,0.9277620525654029,1.4516429424285888,0.039696025848388675,250,6,0.23,1.0,1.0,1,0,0.8577758719074604,0.027936865031173045,0.8530897917377945,0.028661473251122935,0.8536855458006285,0.028206724310821427,0.8590597705690008,0.026354859409291498,0.8588859574583513,0.02971504847685888,0.957633876384308,0.018668149919887134
8,9451a7cc5239,2026-04-14 15:20:39,True,0.8510998390479442,0.0247248291049101,0.9255428741503829,0.32010822296142577,0.03479514122009277,50,6,0.28,1.0,1.0,1,0,0.855859422695401,0.024084276917534588,0.8510998390479442,0.0247248291049101,0.8518125609017219,0.02428249505295563,0.8575856664193935,0.022868074467245283,0.856683406951959,0.026092287426382827,0.9539178794613242,0.017342425403900796
9,733913ab4465,2026-04-14 15:20:50,True,0.8560454567624249,0.026564332561542267,0.9277620525654029,1.962296199798584,0.04186058044433594,275,8,0.06,1.0,1.0,1,0,0.8605930280346621,0.02582293653844975,0.8560454567624249,0.026564332561542267,0.8564981163398471,0.026172403734473847,0.861562493266567,0.024365380384063336,0.861724094930635,0.02767001135563933,0.9586117088185425,0.019363416275895443
10,6779c4f5d736,2026-04-14 15:21:06,True,0.8599912207969564,0.029868261296571694,0.9277620525654029,3.020127296447754,0.053417634963989255,300,13,0.21,1.0,1.0,1,0,0.864233263355033,0.028718724198552023,0.8599912207969564,0.029868261296571694,0.8605511727384411,0.029397712018103202,0.8650508997063711,0.027224665179499077,0.8652229626023022,0.030247906476193392,0.9581074976096261,0.018163323831375377
11,722b3e1c7fef,2026-04-14 15:21:14,True,0.8550504804174999,0.02332741389282281,0.9277620525654029,1.6057132720947265,0.0363957405090332,200,9,0.09,1.0,1.0,1,0,0.8597225375473909,0.023071805934534246,0.8550504804174999,0.02332741389282281,0.8555371698358885,0.02288943030773454,0.8608505412280107,0.021889484478391712,0.8609110868005537,0.025137469784732015,0.9593770258880184,0.017717176806338327
12,3971b6638a45,2026-04-14 15:21:16,True,0.8471589523484369,0.022568349896980058,0.9230776940224621,0.3245263576507568,0.033424091339111325,25,15,0.11,1.0,1.0,1,0,0.8516032330636083,0.020811332605196485,0.8471589523484369,0.022568349896980058,0.8479304185169904,0.02206968966312182,0.8532767828690868,0.019485103516390923,0.8526830839274122,0.022936804258454957,0.950659940733534,0.017007512682144576
13,3279aac3a7a0,2026-04-14 15:21:28,True,0.8599863434619325,0.025308949655597934,0.9277620525654029,2.3460100650787354,0.040909957885742185,250,14,0.11,1.0,1.0,1,0,0.8640620106528896,0.024863592954430143,0.8599863434619325,0.025308949655597934,0.8604226621660942,0.024914042401121925,0.8648878328399261,0.023539914854001663,0.865016276000594,0.026734073898540645,0.9581930476251543,0.018089981831542177
14,0d6e6eafc690,2026-04-14 15:21:31,True,0.8047602789835633,0.02674087609389001,0.8846160854749655,0.551700496673584,0.038400697708129886,75,7,0.05,1.0,1.0,1,0,0.8099059462488405,0.02750746256289159,0.8047602789835633,0.02674087609389001,0.8043911882734728,0.026627347227164547,0.8139875081225025,0.025618450607288405,0.8088016540760234,0.03052734309133783,0.9398985367380529,0.01199652200317631
15,ca82580d01ab,2026-04-14 15:21:36,True,0.8294152075306054,0.021314579059524212,0.9048322632764998,0.8133161067962646,0.046193838119506836,150,6,0.05,1.0,1.0,1,0,0.8347559963655578,0.020827084878311343,0.8294152075306054,0.021314579059524212,0.829990782596788,0.020631929259372406,0.8378080186589372,0.020029497167331715,0.8345193909139128,0.023775397310939764,0.9433098236308787,0.014693013190534192
16,d3b57c9cf714,2026-04-14 15:21:43,True,0.8560308247573525,0.030683723598427422,0.9262827015239958,1.296513319015503,0.04688425064086914,75,13,0.06,1.0,1.0,1,0,0.8603454173460576,0.029156194460107664,0.8560308247573525,0.030683723598427422,0.8566007729675054,0.03007334178240835,0.8612947201999809,0.026957976735095184,0.8612103792732928,0.031325462792542134,0.95461334450256,0.016127600481000887
17,e1b3c2ca3ec3,2026-04-14 15:21:56,True,0.858020777447203,0.0269209277248948,0.9277620525654029,2.3822744369506834,0.06351137161254883,250,10,0.17,1.0,1.0,1,0,0.8623749942763881,0.026579706278604266,0.858020777447203,0.0269209277248948,0.8584787197167975,0.026519794761873126,0.8632301306602319,0.02530298934106531,0.8633902597404314,0.028151722325931945,0.959145164634277,0.018598935972107437
18,d7532b333cba,2026-04-14 15:22:07,True,0.8501292493781397,0.0320530709765809,0.9270222251917902,2.266816282272339,0.04342341423034668,275,8,0.04,1.0,1.0,1,0,0.8551565263214274,0.030933196059536747,0.8501292493781397,0.0320530709765809,0.8507679432512483,0.03149040174948672,0.8565567650127782,0.02908624151164387,0.8560650484692637,0.03305186221161432,0.9577025092509098,0.018799833193754653
19,2541143a7471,2026-04-14 15:22:10,True,0.8599912207969564,0.02749946159599644,0.9277620525654029,0.32106962203979494,0.03659310340881348,25,14,0.29,1.0,1.0,1,0,0.8640809875071614,0.02662315173725544,0.8599912207969564,0.02749946159599644,0.860586616595838,0.02704778854101893,0.864874921673793,0.025251240079248134,0.8653702723542669,0.028454150895718115,0.9579391339014567,0.01810679922900779
20,db0cefce6c46,2026-04-14 15:22:20,True,0.8609666878017851,0.029541315661505106,0.9277620525654029,2.0477132320404055,0.04598908424377442,275,11,0.2,1.0,1.0,1,0,0.8646385778540931,0.02800365421391601,0.8609666878017851,0.029541315661505106,0.8614697780969929,0.0289799296553307,0.8650719974395397,0.026006802034482624,0.8657020486535275,0.029775027823053496,0.9585650803920579,0.018375262439001346
21,f49382a01329,2026-04-14 15:22:30,True,0.8599912207969564,0.028876864926121296,0.9277620525654029,1.9180233955383301,0.044620943069458005,225,15,0.3,1.0,1.0,1,0,0.8640989692246419,0.028248125239600175,0.8599912207969564,0.028876864926121296,0.8604879000827867,0.02845543871974202,0.8648468622803396,0.026848424654158466,0.8648689662486294,0.030004455305456704,0.9582891631267936,0.01798915355371078
22,75e46e7da4b9,2026-04-14 15:22:33,True,0.8589913671170073,0.027544053348512773,0.9277620525654029,0.4671760082244873,0.04582324028015137,50,8,0.29,1.0,1.0,1,0,0.8632669839263791,0.026549131578601178,0.8589913671170073,0.027544053348512773,0.8594338835347004,0.027079533460009422,0.8644930538104013,0.025054984380020923,0.8641932307331043,0.02844309198163271,0.9597951842669289,0.019119667154931446
23,a600d8be35fe,2026-04-14 15:22:38,True,0.7692484026727797,0.019607944737701465,0.841965462574332,0.8651724338531495,0.0457061767578125,250,4,0.03,1.0,1.0,1,0,0.7701145459661407,0.019501341530059904,0.7692484026727797,0.019607944737701465,0.7663520314349255,0.019122308531120305,0.7759397590924483,0.016006522682479894,0.7702363034071303,0.021928359777435163,0.9208233038179845,0.010841079552949735
24,bd91ba40bd44,2026-04-14 15:22:53,True,0.856040579427401,0.026026980612428283,0.9277620525654029,2.8895384311676025,0.04552826881408691,275,10,0.18,1.0,1.0,1,0,0.8600628273532422,0.025034831334304047,0.856040579427401,0.026026980612428283,0.8564615652352318,0.02546460272406716,0.8605966318879968,0.02300437364797562,0.8614102471265961,0.026840823331670684,0.9585298613289449,0.018525939466789532
25,b16e943a5dcf,2026-04-14 15:23:04,True,0.8590059991220798,0.031137670778336506,0.9277620525654029,2.1133251190185547,0.039693355560302734,225,15,0.24,1.0,1.0,1,0,0.8632263473364443,0.030176060971059113,0.8590059991220798,0.031137670778336506,0.8594982990598027,0.030649433908322733,0.8641817530497491,0.0285763920762513,0.8640659952559565,0.03167255602820007,0.957966004125929,0.018032480059941354
26,6c1c7f50df8a,2026-04-14 15:23:13,True,0.8609618104667611,0.02289662108939335,0.9277620525654029,1.6457680702209472,0.04097251892089844,200,11,0.15,1.0,1.0,1,0,0.8646375894944358,0.02216226005026114,0.8609618104667611,0.02289662108939335,0.8614797798917528,0.02241098394610515,0.864945596491992,0.02028961283488406,0.8658292841306754,0.024382458558748384,0.9584520722200649,0.017957566422447897
27,f9e160de45be,2026-04-14 15:23:16,True,0.8126322977125298,0.015470260882121091,0.8937403193770386,0.46446666717529295,0.03367338180541992,150,3,0.19,1.0,1.0,1,0,0.8176045223650096,0.016357780259900888,0.8126322977125298,0.015470260882121091,0.8136263683590583,0.01497556756075064,0.8201763775610885,0.01408856571092743,0.8172288481829252,0.019142676953767063,0.9365589333177905,0.017242546403018307
28,2a63154318d1,2026-04-14 15:23:32,True,0.8589913671170073,0.03118044995775539,0.9272688343163278,3.148013639450073,0.04639739990234375,300,13,0.02,1.0,1.0,1,0,0.8631266920042385,0.02952610153455928,0.8589913671170073,0.03118044995775539,0.8594826110676769,0.030550009757752315,0.8639080920117296,0.027165929416969273,0.8642259379097667,0.0314517850042759,0.9565693365735914,0.016731722532338116
29,46d31fecc652,2026-04-14 15:23:35,True,0.8501146173730673,0.026280257872065834,0.924309828527695,0.4648593902587891,0.035116386413574216,50,11,0.08,1.0,1.0,1,0,0.8549029722268155,0.02471610261410121,0.8501146173730673,0.026280257872065834,0.8507199891504286,0.025576389560673447,0.8558912140701702,0.022412612682157464,0.8561247979163898,0.027159431812376244,0.9537744713557978,0.0156590370940841
30,e92851804b8e,2026-04-14 15:23:47,True,0.8609764424718334,0.03111327820315214,0.9277620525654029,2.4630696773529053,0.05039691925048828,300,12,0.19,1.0,1.0,1,0,0.8649898817775373,0.03016121138351893,0.8609764424718334,0.03111327820315214,0.8614522340539926,0.03064615917982558,0.8658879165233909,0.028646139201751887,0.8657020486535274,0.03174032208306216,0.9577840733050371,0.01926435070423612
31,ec4b183f24d5,2026-04-14 15:23:50,True,0.7455640637955421,0.020777204479593733,0.8084348216943141,0.49709491729736327,0.03928542137145996,100,4,0.04,1.0,1.0,1,0,0.744665524989651,0.02069581891851324,0.7455640637955421,0.020777204479593733,0.7403907545096586,0.02012535411245403,0.7540611166096809,0.020200964493403948,0.7455809315122031,0.02257492173895871,0.9068508622856479,0.01101652143044968
32,7e4f9e2da68a,2026-04-14 15:24:02,True,0.8580061454421305,0.03003485559906062,0.9257894832749207,2.2485966205596926,0.0427497386932373,200,14,0.02,1.0,1.0,1,0,0.8620082605751749,0.028084321132270974,0.8580061454421305,0.03003485559906062,0.8585958566173696,0.029396107488595107,0.8628498055866467,0.02575760166576477,0.8630184122789959,0.030374164914230423,0.9536251358114857,0.01709605823494016
33,fd1446aa7d1e,2026-04-14 15:24:04,True,0.7860459444959275,0.03098544339171937,0.858481592390347,0.2678405284881592,0.037322378158569335,50,6,0.07,1.0,1.0,1,0,0.7876605052733521,0.03036553252626828,0.7860459444959275,0.03098544339171937,0.7835397632870038,0.031101509165634717,0.7926997711195644,0.02776854545882402,0.7885541282055601,0.0319881771255478,0.9292551789442646,0.012483584558981345
34,b5b573e5e681,2026-04-14 15:24:07,True,0.8540701360776473,0.03266723799408899,0.926529006942715,0.440785551071167,0.048111772537231444,75,7,0.15,1.0,1.0,1,0,0.8588859911383733,0.03148543307553924,0.8540701360776473,0.03266723799408899,0.8546379886336009,0.03218189450205804,0.8599492569377778,0.030055383345374952,0.8597687521729673,0.03328681652929677,0.9559296960792242,0.018204379102667596
35,5570ab58016f,2026-04-14 15:24:08,True,0.8580012681071063,0.02972794872823773,0.9265293106485334,0.26334547996520996,0.03574213981628418,25,13,0.18,1.0,1.0,1,0,0.8621980416803725,0.0280347904219553,0.8580012681071063,0.02972794872823773,0.8585835541282876,0.029101371594320004,0.8630419206827309,0.02564037760367468,0.8631903918871281,0.030236455942909,0.9542023285693851,0.016951434943617193
36,404dda9ff4d5,2026-04-14 15:24:16,True,0.8560357020923768,0.022441940831687306,0.9277620525654029,1.358789587020874,0.04038982391357422,175,10,0.16,1.0,1.0,1,0,0.8600904525696723,0.021911625618777623,0.8560357020923768,0.022441940831687306,0.856436274953922,0.021949461004839948,0.8605168992107295,0.02007210935227657,0.8613901728517792,0.024149296672807727,0.9593669593642489,0.017571302656387355
37,666ece19da08,2026-04-14 15:24:18,True,0.8116519533726771,0.01584264428258891,0.8833845583813694,0.5087665557861328,0.034525728225708006,175,3,0.13,1.0,1.0,1,0,0.8152938510431424,0.015655204373008248,0.8116519533726771,0.01584264428258891,0.8122595390961915,0.015256211510860483,0.8178200119010036,0.012848719616613293,0.8145578479948,0.01894537642814842,0.9335412215626213,0.015414697288961679
38,fe3ee3121ee3,2026-04-14 15:24:35,True,0.8609764424718334,0.028678159254904613,0.9277620525654029,3.253513288497925,0.05882244110107422,300,14,0.26,1.0,1.0,1,0,0.8650940311493907,0.027635712088452283,0.8609764424718334,0.028678159254904613,0.8615130791791747,0.028236391470682423,0.8658285194313592,0.02621880598482761,0.8660359707323835,0.029275021649304008,0.957814936439431,0.01865920084880814
39,19359d1f441f,2026-04-14 15:24:38,True,0.804745646978491,0.018728849639525532,0.8732772287451482,0.3319845199584961,0.04580078125,100,3,0.19,1.0,1.0,1,0,0.8083029097284277,0.01851102664337302,0.804745646978491,0.018728849639525532,0.804835274319777,0.01816549865597297,0.8104904292685351,0.015821473258731754,0.8076648328642781,0.021280854631908937,0.928415370293101,0.014526808355791518
40,e1b3c2ca3ec3,2026-04-14 15:25:08,True,0.858020777447203,0.0269209277248948,0.9277620525654029,5.829623794555664,0.06804261207580567,250,10,0.17,1.0,1.0,1,0,0.8623749942763881,0.026579706278604266,0.858020777447203,0.0269209277248948,0.8584787197167975,0.026519794761873126,0.8632301306602319,0.02530298934106531,0.8633902597404314,0.028151722325931945,0.959145164634277,0.018598935972107437
41,e661ee473b4e,2026-04-14 15:25:14,True,0.830395551870458,0.02888487102962243,0.9139558897669362,1.143351936340332,0.04813241958618164,50,12,0.03,1.0,1.0,1,0,0.8345698284788279,0.02678193412003678,0.830395551870458,0.02888487102962243,0.8308320299081569,0.0281372438132986,0.8370389980225651,0.026546447667865045,0.8345487304543292,0.028380501115153785,0.943694102186792,0.01739086535231193
42,4143f277efe6,2026-04-14 15:25:30,True,0.8589864897819831,0.02960127556239744,0.926529006942715,3.144460344314575,0.053077077865600585,250,12,0.02,1.0,1.0,1,0,0.8631134944519474,0.02819397691000476,0.8589864897819831,0.02960127556239744,0.8595990265821829,0.029005229550810026,0.8639975881476571,0.02608363057395404,0.8640234742920263,0.030270489486745395,0.9555414793245344,0.017376037824576394
43,77da3f517046,2026-04-14 15:25:40,True,0.8599863434619325,0.027864593617711177,0.9277620525654029,1.7176270484924316,0.0807192325592041,100,13,0.23,1.0,1.0,1,0,0.8642583367914,0.026930675018570768,0.8599863434619325,0.027864593617711177,0.8605505650939478,0.027396095229901603,0.8651847238401953,0.025484511994531677,0.8653803094916752,0.028451352413153722,0.9583026064790359,0.018405442809851874
44,a8e46921b47a,2026-04-14 15:25:54,True,0.8590011217870556,0.029551323330107557,0.9277620525654029,2.5767409801483154,0.07742180824279785,75,13,0.21,1.0,1.0,1,0,0.8633046712034635,0.028829000105324607,0.8590011217870556,0.029551323330107557,0.8595679705102824,0.029100030790645097,0.8642249513751057,0.02741955540406032,0.8642032678705126,0.030536238183487406,0.959498273164382,0.016977912691799858
45,a2a361e5d5cf,2026-04-14 15:26:05,True,0.8580159001121788,0.029017210286647218,0.924556741358051,1.987858247756958,0.08121390342712402,25,10,0.2,1.0,1.0,1,0,0.8625158416852325,0.028334465601907714,0.8580159001121788,0.029017210286647218,0.8585657480292983,0.028470005540750198,0.863865602882275,0.02671385154086593,0.8630384865538128,0.030074387328942277,0.955274849445388,0.015880847654297744
46,2b9a078b060a,2026-04-14 15:26:22,True,0.8580159001121788,0.026572652257704832,0.9277620525654029,3.180463457107544,0.1027285099029541,75,8,0.29,1.0,1.0,1,0,0.8623696852686041,0.02595751758157709,0.8580159001121788,0.026572652257704832,0.8584677797572894,0.02617856462428789,0.8632600605266594,0.024531530969300098,0.8633701854656145,0.027834262881813673,0.9599239496818088,0.019423463893370154
47,1ecbd2bc6b3c,2026-04-14 15:26:30,True,0.8599912207969564,0.02749946159599644,0.9277620525654029,1.5044769287109374,0.06408767700195313,75,10,0.27,1.0,1.0,1,0,0.8639100986912522,0.026658605149401386,0.8599912207969564,0.02749946159599644,0.8603835581147379,0.027070169512016226,0.8647693481930286,0.025273204081680354,0.8650263131380024,0.028543352592392542,0.9593795067551969,0.01855844211677615
48,b6faf5189bb9,2026-04-14 15:26:35,True,0.7948836755596742,0.0247510216148463,0.8794400272120413,0.7760281085968017,0.04677767753601074,75,7,0.04,1.0,1.0,1,0,0.7997966789787547,0.02432097880206823,0.7948836755596742,0.0247510216148463,0.7941268462951302,0.024194138111077148,0.8030107089772173,0.02121060435613645,0.7994124608725682,0.027974010979189882,0.9368592312553009,0.011353634850561673
49,e642fd440fd3,2026-04-14 15:26:44,True,0.8530897917377945,0.028661473251122935,0.9277620525654029,1.6014241218566894,0.09386701583862304,250,6,0.23,1.0,1.0,1,0,0.8577758719074604,0.027936865031173045,0.8530897917377945,0.028661473251122935,0.8536855458006285,0.028206724310821427,0.8590597705690008,0.026354859409291498,0.8588859574583513,0.02971504847685888,0.957633876384308,0.018668149919887134
50,11ec1c4ec12f,2026-04-14 15:26:46,True,0.7317855923523388,0.028401361344701958,0.7709581311158759,0.4248183727264404,0.04034547805786133,125,3,0.03,1.0,1.0,1,0,0.7256407078909526,0.02434576748296771,0.7317855923523388,0.028401361344701958,0.7221429210784047,0.02436123574907283,0.7468556661932063,0.026662287079482518,0.7279035932831756,0.029869234028218845,0.8974504907760308,0.014743775381936162
51,1106d98755f5,2026-04-14 15:26:55,True,0.8590059991220798,0.027140297010621636,0.9277620525654029,1.7333268642425537,0.040351486206054686,150,15,0.05,1.0,1.0,1,0,0.8630456523730275,0.026616219662807663,0.8590059991220798,0.027140297010621636,0.8595193654050268,0.026716959592275626,0.8637727169873874,0.025368455326899023,0.8642032678705128,0.028545954315918855,0.9573519832618441,0.017163476831918035
52,ae020e864a41,2026-04-14 15:26:59,True,0.7475686484904648,0.0341078367625502,0.8190341547563367,0.5783438682556152,0.047561931610107425,225,3,0.04,1.0,1.0,1,0,0.7490159541804242,0.03304562297926568,0.7475686484904648,0.0341078367625502,0.7443146208775024,0.032938808679987316,0.7572884014205763,0.030351056053183684,0.7483687574426848,0.0360492405560207,0.911048574345353,0.014409478917945216
53,eef71979c604,2026-04-14 15:27:13,True,0.8629420084865629,0.028868617636713414,0.9277620525654029,2.678419303894043,0.05380401611328125,250,11,0.05,1.0,1.0,1,0,0.8668509267505271,0.028446403733913824,0.8629420084865629,0.028868617636713414,0.8634234293217637,0.028465751516739895,0.8677589516122886,0.027260282948825158,0.8674954489404716,0.030059143847716276,0.9592655090587933,0.01740443114738642
54,62c063890c19,2026-04-14 15:27:23,True,0.8599912207969564,0.029705326380866634,0.9277620525654029,1.968285369873047,0.0476165771484375,150,15,0.28,1.0,1.0,1,0,0.8640782734681144,0.028789636686760607,0.8599912207969564,0.029705326380866634,0.8604539497288274,0.029261929430309495,0.8648801997134425,0.027306782183608526,0.8648689662486294,0.03051179846266289,0.9576858920868869,0.018488388473531486
55,61337fb97a5c,2026-04-14 15:27:29,True,0.8471589523484369,0.02724498553399934,0.9235703048599004,1.1507188320159911,0.04896302223205566,275,4,0.12,1.0,1.0,1,0,0.8521670818374641,0.025996551972619273,0.8471589523484369,0.02724498553399934,0.8478692980808147,0.026539562429864823,0.8542269776625272,0.024436602177024643,0.8528775102246579,0.027967520165375705,0.9510393191715141,0.019827220872265166
56,28ab4996f56e,2026-04-14 15:27:33,True,0.7988148075891333,0.018551771969517468,0.8865919955294503,0.651142692565918,0.054692649841308595,75,9,0.01,1.0,1.0,1,0,0.8041827223042757,0.014820393782801257,0.7988148075891333,0.018551771969517468,0.7989498201223185,0.017105612427245693,0.8087688325266983,0.016389011494318213,0.8033592539663095,0.0158748851645912,0.9322608008195704,0.012449206990497032
57,2353bd4b585d,2026-04-14 15:27:37,True,0.8511095937179926,0.02764991982596561,0.9272688343163278,0.6291010856628418,0.04261980056762695,125,5,0.26,1.0,1.0,1,0,0.8559714807458025,0.026677680406001856,0.8511095937179926,0.02764991982596561,0.8516940728408553,0.027088345843287908,0.8575822384165648,0.025081221969557494,0.8570825200339988,0.028699673437515436,0.9568237225380102,0.019749493531122687
58,d1d994a73cd8,2026-04-14 15:27:40,True,0.8560405794274007,0.02676247727221087,0.9275154434408653,0.5967807769775391,0.03954372406005859,100,6,0.27,1.0,1.0,1,0,0.8603618088533136,0.02600025742353419,0.8560405794274007,0.02676247727221087,0.8565528321361899,0.02633330055007047,0.8616038674242479,0.024425143307409372,0.8613350189860036,0.028001000812997705,0.9579563006049007,0.018898089085204774
59,963b23f03458,2026-04-14 15:27:42,True,0.8067209676632687,0.016439452562190583,0.8846176040040575,0.32587289810180664,0.04377894401550293,100,3,0.22,1.0,1.0,1,0,0.8109662494691208,0.01614698100122011,0.8067209676632687,0.016439452562190583,0.8074161463439007,0.015869336614819984,0.8128834239537236,0.013594557577396981,0.81071687167654,0.019206015821584006,0.9319888558858667,0.015639848347952533
60,78f80e950dec,2026-04-14 15:27:46,True,0.85997171145686,0.026121888111562575,0.9267756160672527,0.5487774848937989,0.05078802108764648,50,15,0.09,1.0,1.0,1,0,0.8637754733762124,0.024847697508937543,0.85997171145686,0.026121888111562575,0.8605364893902779,0.025534617155391924,0.8646465848605416,0.022950915983052787,0.864831886840757,0.02694574732954977,0.9548519652017564,0.015986184872345356
61,3021d8c34013,2026-04-14 15:27:48,True,0.79487879822465,0.023376728417778474,0.8804258562985549,0.3305081367492676,0.04432468414306641,50,7,0.06,1.0,1.0,1,0,0.7999610697254858,0.022874032898450476,0.79487879822465,0.023376728417778474,0.7942444554091279,0.022692712964854252,0.8030532910628976,0.020257935451082267,0.7995944776181089,0.02643870277946005,0.9365349172400237,0.012190461153568855
62,c6a8b49acb24,2026-04-14 15:27:55,True,0.8629517631566113,0.02656399405985723,0.9277620525654029,1.4186774253845216,0.04150519371032715,150,14,0.26,1.0,1.0,1,0,0.8666792206632173,0.02607032819842293,0.8629517631566113,0.02656399405985723,0.8633278154962541,0.02622135999908036,0.8672998830998495,0.024727848149117722,0.8674753746656547,0.02776987431503932,0.9582601317910836,0.01855133312140472
63,c65c388bb387,2026-04-14 15:28:03,True,0.8540750134126714,0.02852956005128722,0.9275154434408653,1.4335415363311768,0.04760870933532715,250,6,0.09,1.0,1.0,1,0,0.8586202581357834,0.027699931192919258,0.8540750134126714,0.02852956005128722,0.8546166801658522,0.02807459034799095,0.8599131967882114,0.026119151300861766,0.8597090027258408,0.029423674865350455,0.9564446526186879,0.018913189050802408
64,d5fe43404b85,2026-04-14 15:28:10,True,0.8432034336438571,0.026092847122125153,0.9183930317737026,1.237785768508911,0.051280784606933597,150,9,0.03,1.0,1.0,1,0,0.8483169325829005,0.024427646927774445,0.8432034336438571,0.026092847122125153,0.843657257846675,0.025209510472523112,0.8506780156157708,0.02321684405744752,0.8492991195686471,0.027105783315151497,0.9500878902666019,0.014634089737350937
65,1eb524c80fdd,2026-04-14 15:28:19,True,0.8550602350875481,0.029700221563309065,0.9277620525654029,1.6366923332214356,0.04682760238647461,225,7,0.22,1.0,1.0,1,0,0.8597412861050003,0.028703212835634817,0.8550602350875481,0.029700221563309065,0.8556103354817907,0.029230804274636372,0.8608254639111712,0.0270715376300766,0.8609211239379622,0.030343859709380177,0.9577621610502035,0.018868692557687892
66,f9d4fc92e292,2026-04-14 15:28:24,True,0.8471784616885334,0.02681799724736097,0.9186384260749667,0.9749604225158691,0.06910924911499024,225,5,0.07,1.0,1.0,1,0,0.8516176637213491,0.026868598126426942,0.8471784616885334,0.02681799724736097,0.8477669514106119,0.026544091737325682,0.8531922716283828,0.025438803609002716,0.8517252877069051,0.029211315761481577,0.9505227355419421,0.018876853992918483
67,dea0accf4a4c,2026-04-14 15:28:35,True,0.861951909476662,0.02616508368172841,0.9277620525654029,2.1522028923034666,0.04241037368774414,175,11,0.27,1.0,1.0,1,0,0.8653496142497221,0.02525634731401266,0.861951909476662,0.02616508368172841,0.8622733222061447,0.025698476336466478,0.8657268601673458,0.02337703354606628,0.866161060429936,0.027390025232341107,0.9581946195413378,0.017924456758077127
68,8005bb857706,2026-04-14 15:28:47,True,0.8560357020923768,0.02641539433781714,0.9277620525654029,2.2814767360687256,0.051604413986206056,175,15,0.19,1.0,1.0,1,0,0.8601371080823675,0.025474034790488452,0.8560357020923768,0.02641539433781714,0.8565488911587504,0.02588724007469041,0.8605841244936876,0.02349932954315913,0.8613901728517792,0.027575060099924418,0.9580068001698564,0.0185543447586315
69,98ac81f3aef8,2026-04-14 15:28:58,True,0.8560454567624249,0.027987795631881873,0.9277620525654029,1.9615347385406494,0.048993396759033206,275,6,0.17,1.0,1.0,1,0,0.8604237508155073,0.027274149646103085,0.8560454567624249,0.027987795631881873,0.8565502788725015,0.027583310994241498,0.8615666603295207,0.025660897716463186,0.8613350189860036,0.02921707425347571,0.9577377760719654,0.01947555227495735
70,b12f215015ed,2026-04-14 15:29:08,True,0.8580207774472027,0.029665505715435758,0.9277620525654029,2.005415344238281,0.04171576499938965,225,13,0.21,1.0,1.0,1,0,0.862316389464468,0.02876063260198072,0.8580207774472027,0.029665505715435758,0.8585018138902211,0.029203390268900037,0.8631837068618274,0.027266857727049666,0.8632329128510584,0.030399192146810698,0.9581093193129895,0.018156368952221797
71,36eb976c59fd,2026-04-14 15:29:13,True,0.8589864897819831,0.028600626042136906,0.9277620525654029,0.9172759056091309,0.04024028778076172,100,15,0.07,1.0,1.0,1,0,0.8627746096370625,0.027400375062037872,0.8589864897819831,0.028600626042136906,0.8596351443711248,0.028011245968299,0.8637020413216534,0.02535409872236778,0.8637917452367677,0.029396308519513085,0.9576291612918155,0.017563389977643725
72,5e2a0b3e6b69,2026-04-14 15:29:21,True,0.8599912207969567,0.028368177162130807,0.9277620525654029,1.531134557723999,0.04340481758117676,200,12,0.28,1.0,1.0,1,0,0.8642478790578162,0.02752945277288089,0.8599912207969567,0.028368177162130807,0.8605427388886717,0.02790814987880244,0.8651469366609355,0.0261229609003217,0.8653903466290835,0.028802147022122106,0.9587459280211765,0.017500417220596035
73,b487bdd17abf,2026-04-14 15:29:38,True,0.856040579427401,0.02935693192489083,0.9277620525654029,3.2846389770507813,0.047439956665039064,300,14,0.13,1.0,1.0,1,0,0.860108038597118,0.02809326646655114,0.856040579427401,0.02935693192489083,0.8565296617903645,0.02878401144737711,0.8606227356530353,0.025948454810741175,0.8612529002372229,0.02996625756323108,0.9578520746585502,0.018391863961211334
74,79d9bbf64da5,2026-04-14 15:29:54,True,0.8461786080085842,0.027994397312083894,0.9228313886037428,2.9848606109619142,0.04924860000610352,275,14,0.01,1.0,1.0,1,0,0.8512250298080432,0.02617998880917877,0.8461786080085842,0.027994397312083894,0.8469962251153321,0.027327970040388748,0.8529343541822849,0.0241340543688497,0.8526131480956352,0.028293436119687185,0.9500778110475492,0.01762185844648689
75,d7cc50f74b04,2026-04-14 15:30:05,True,0.8580110227771545,0.027309546806903152,0.9277620525654029,2.152864170074463,0.045115995407104495,300,11,0.15,1.0,1.0,1,0,0.8618767384940608,0.026338784511248835,0.8580110227771545,0.027309546806903152,0.8584708093717606,0.02677304861487265,0.8622991643473423,0.024340662189085194,0.8630463005241669,0.028233842207793056,0.9580998460108955,0.01834578542441676
76,b75d81ef6950,2026-04-14 15:30:09,True,0.8639272301614399,0.026081671145708016,0.9277620525654029,0.6138650894165039,0.042261505126953126,75,15,0.15,1.0,1.0,1,0,0.8678183758710845,0.025694872861542973,0.8639272301614399,0.026081671145708016,0.8645126047232641,0.025651350953914877,0.8686218979840538,0.024432253765781394,0.8686524162868172,0.027435343079406923,0.9592871843599579,0.017292389855608048
77,a763a139cf2b,2026-04-14 15:30:13,True,0.8629468858215871,0.026577815390960553,0.9277620525654029,0.8186862945556641,0.03567500114440918,75,14,0.28,1.0,1.0,1,0,0.8667155949854417,0.02617947033523039,0.8629468858215871,0.026577815390960553,0.8633609025615654,0.0261992657396784,0.8674284835883306,0.024853812797634576,0.867485411803063,0.027921932201885297,0.9589754814401452,0.01793773684525166
78,9502d05234f1,2026-04-14 15:30:25,True,0.8530897917377945,0.025431494925944684,0.9277620525654029,2.1600321769714355,0.05304083824157715,275,7,0.25,1.0,1.0,1,0,0.8577403124118377,0.024841349661079162,0.8530897917377945,0.025431494925944684,0.8536735159459802,0.025083136311073152,0.8588346967750529,0.02372692338432163,0.8587139778502191,0.02608018889955744,0.9566966463981306,0.01896407338603578
79,635a44853f0a,2026-04-14 15:30:28,True,0.859976588791884,0.030075145884465127,0.9275154434408653,0.601376724243164,0.03901686668395996,50,14,0.1,1.0,1.0,1,0,0.8639959307837577,0.028613460499727347,0.859976588791884,0.030075145884465127,0.8604532003342991,0.029465788416816196,0.8647055401775988,0.026394367572591917,0.8650489831772562,0.03055488516983806,0.9556474814996344,0.017312352938364983
80,c86cf1390a89,2026-04-14 15:30:35,True,0.8146076183973078,0.019988473364844814,0.8762344122988708,1.2626944065093995,0.044622611999511716,225,4,0.05,1.0,1.0,1,0,0.8180050142039829,0.01818532947070233,0.8146076183973078,0.019988473364844814,0.815123715602347,0.019031395146936272,0.8215852140362692,0.015227874723332438,0.8162390181207382,0.020612211427274294,0.9323817166583647,0.012074473339623812
81,2c84e34e2406,2026-04-14 15:30:49,True,0.8432131883139053,0.030025986762672652,0.9107505785595841,2.6516674041748045,0.05521082878112793,300,6,0.03,1.0,1.0,1,0,0.848289912946321,0.028269284242605417,0.8432131883139053,0.030025986762672652,0.8441433664679165,0.029461601513634316,0.8507952528050904,0.026985485116842987,0.8477494111883856,0.029901396867676257,0.9467154003694445,0.015599569629397365
82,30ff0e6219a8,2026-04-14 15:30:52,True,0.7643222942983954,0.02614020617285481,0.8333356617446077,0.5340095520019531,0.050525999069213866,175,3,0.07,1.0,1.0,1,0,0.7668140474662948,0.026690109247249114,0.7643222942983954,0.02614020617285481,0.7617378538992265,0.025978483455686197,0.7722346614711298,0.022102241875128544,0.7668563386821927,0.029332132288022218,0.9160968527295268,0.013168105307182364
83,1a930c77b957,2026-04-14 15:30:56,True,0.8067209676632687,0.01730246956373363,0.887823218917228,0.7296411991119385,0.06280393600463867,200,3,0.12,1.0,1.0,1,0,0.8110402151715623,0.017079591051296604,0.8067209676632687,0.01730246956373363,0.8074412660559904,0.016699192674755396,0.8132617629594886,0.014460810377669336,0.8108696229845623,0.02008815510844636,0.934797029112232,0.014744455825765288
84,a031431ec5ce,2026-04-14 15:31:04,True,0.8511144710530166,0.030153097320034808,0.9267756160672527,1.3558555126190186,0.05517067909240723,200,6,0.09,1.0,1.0,1,0,0.8560188521472986,0.02940630726473156,0.8511144710530166,0.030153097320034808,0.8517248717632503,0.02968348288149316,0.8572180917963761,0.02799095868116775,0.8569105404258668,0.03144370513807011,0.9552350206977189,0.018968302883725183
85,7fe1c8708f7c,2026-04-14 15:31:14,True,0.8599814661269083,0.02822670831537928,0.9277620525654029,1.93560471534729,0.05655550956726074,150,13,0.22,1.0,1.0,1,0,0.8636160143143211,0.026984891886922897,0.8599814661269083,0.02822670831537928,0.8603856350266336,0.027699813867665398,0.8640664732113852,0.024989280702291613,0.8646823539217381,0.028879523795370253,0.9585921661762532,0.01792625953869232
86,7a0a52496382,2026-04-14 15:31:29,True,0.8412281129590792,0.02437806803189467,0.9196269885138459,2.814546728134155,0.05817503929138183,250,11,0.01,1.0,1.0,1,0,0.8455534857846393,0.02298006668100787,0.8412281129590792,0.02437806803189467,0.8419294892422011,0.023875568671127046,0.8468113469500442,0.02150168759916528,0.847622172426677,0.02451724872938,0.949330656478234,0.01568060079148176
87,f6708f303818,2026-04-14 15:31:35,True,0.8599765887918842,0.024765215027891807,0.9243107396451501,1.045701837539673,0.04411659240722656,75,10,0.06,1.0,1.0,1,0,0.8643509595160938,0.023946256144213172,0.8599765887918842,0.024765215027891807,0.8605233580145922,0.024275906500033365,0.865223533379082,0.022187384342686637,0.8654121706936303,0.026330570237859573,0.9545809914574287,0.015419255747114637
88,05e023fd7021,2026-04-14 15:31:42,True,0.8609715651368093,0.027482759337342726,0.9277620525654029,1.3759753704071045,0.05744924545288086,100,10,0.11,1.0,1.0,1,0,0.8650817110657035,0.027184930752010724,0.8609715651368093,0.027482759337342726,0.8614806912704911,0.02709595148780207,0.8658573751353302,0.026002191810282675,0.8658393212680837,0.02899189141982484,0.9601603435313176,0.017935209476296038
89,ff78773cdedc,2026-04-14 15:31:46,True,0.8373067355996684,0.024769101136006888,0.9132157586875049,0.6169242858886719,0.05963954925537109,125,4,0.16,1.0,1.0,1,0,0.8427264684878365,0.02459872548805817,0.8373067355996684,0.024769101136006888,0.8381717150897966,0.024311451346485775,0.8447219560977242,0.023141260590183715,0.8427864697272799,0.027012446845371282,0.9444999228784242,0.01877088331905847
90,61b4c739a03e,2026-04-14 15:31:52,True,0.8511144710530166,0.02866792145610225,0.9277620525654029,1.1384655952453613,0.054127836227416994,275,4,0.25,1.0,1.0,1,0,0.8560168307750688,0.027905490770524097,0.8511144710530166,0.02866792145610225,0.8517928835253864,0.028127191579846045,0.8576326186717698,0.02618354150125196,0.8572499040607802,0.029678844888967007,0.9550906583334908,0.019874217890887214
91,0bccf897a7aa,2026-04-14 15:31:55,True,0.8205189484465688,0.021215333192897645,0.908779831504012,0.42548203468322754,0.047936296463012694,25,12,0.05,1.0,1.0,1,0,0.8248792616774845,0.019125597431824886,0.8205189484465688,0.021215333192897645,0.8209775872734554,0.02051839741644596,0.8275553087085683,0.019007219071603573,0.824842170320232,0.020812274547250775,0.9417612370054874,0.018719400020060437
92,e746253c63cd,2026-04-14 15:32:06,True,0.8540701360776473,0.025680157782432978,0.9277620525654029,2.111336088180542,0.06723098754882813,250,6,0.15,1.0,1.0,1,0,0.8585993635462807,0.025170736275841814,0.8540701360776473,0.025680157782432978,0.8546788564922219,0.025204248404982685,0.8599663154899654,0.023570839634170025,0.8596889284510242,0.0272403019117842,0.9586821736674231,0.019250557926354883
93,b6faf5189bb9,2026-04-14 15:32:11,True,0.7948836755596742,0.0247510216148463,0.8794400272120413,0.8962141513824463,0.053082942962646484,75,7,0.04,1.0,1.0,1,0,0.7997966789787547,0.02432097880206823,0.7948836755596742,0.0247510216148463,0.7941268462951302,0.024194138111077148,0.8030107089772173,0.02121060435613645,0.7994124608725682,0.027974010979189882,0.9368592312553009,0.011353634850561673
94,2c84e34e2406,2026-04-14 15:32:23,True,0.8432131883139053,0.030025986762672652,0.9107505785595841,2.0886727809906005,0.052433204650878903,300,6,0.03,1.0,1.0,1,0,0.848289912946321,0.028269284242605417,0.8432131883139053,0.030025986762672652,0.8441433664679165,0.029461601513634316,0.8507952528050904,0.026985485116842987,0.8477494111883856,0.029901396867676257,0.9467154003694445,0.015599569629397365
95,2717cc08ea5a,2026-04-14 15:32:46,True,0.8599863434619325,0.026979668086317028,0.9270222251917902,4.432893562316894,0.09301457405090333,250,15,0.02,1.0,1.0,1,0,0.8643232764010624,0.02658208347232427,0.8599863434619325,0.026979668086317028,0.8605332131862419,0.026527664181278787,0.8654408414452185,0.025046778813552297,0.865003866448889,0.028514412093653338,0.9554338533097841,0.017184027555215992
96,abf35dcf6704,2026-04-14 15:32:58,True,0.8580061454421305,0.02768031622011974,0.9277620525654029,2.419842576980591,0.05568242073059082,225,13,0.11,1.0,1.0,1,0,0.8618887517019393,0.026551590952182482,0.8580061454421305,0.02768031622011974,0.858476276164026,0.027153882124311798,0.862382828496971,0.0246017571825936,0.8630362633867585,0.028522893867614856,0.9582923468084132,0.018336570807346256
97,f367982cc5b9,2026-04-14 15:33:09,True,0.8560357020923768,0.022224628024029615,0.9277620525654029,2.0325530529022218,0.059023141860961914,175,8,0.21,1.0,1.0,1,0,0.860550182489791,0.022066758537411125,0.8560357020923768,0.022224628024029615,0.8565390742214263,0.021809449522605207,0.8615803260090595,0.02093091465374628,0.861724094930635,0.024240553539765137,0.958109861040002,0.018689702937766405
98,578e9bd70c1d,2026-04-14 15:33:22,True,0.8589962444520314,0.028733887006185014,0.9277620525654029,2.38092360496521,0.0634988784790039,300,11,0.21,1.0,1.0,1,0,0.8627782879159962,0.02763389664918093,0.8589962444520314,0.028733887006185014,0.8594602273194818,0.028194191084928898,0.8632419328470629,0.025666426478844172,0.8638693457916566,0.029446585699014958,0.9581805456120123,0.01791157202238325
99,3ebb1a707c84,2026-04-14 15:33:39,True,0.8580110227771545,0.02307088559410027,0.9277620525654029,3.2269174098968505,0.04797043800354004,300,12,0.09,1.0,1.0,1,0,0.8617386452466688,0.022274544206174158,0.8580110227771545,0.02307088559410027,0.8583709076671401,0.022592055237271588,0.8620172949858068,0.02038374628860774,0.8628688793599771,0.024610434059594826,0.9583400632247023,0.01785077371418218
