job_id,config_hash,timestamp,success,mean_score,std_score,mean_train_score,fit_time_mean,score_time_mean,n_estimators,max_depth,learning_rate,subsample,neg_mean_squared_error_mean,neg_mean_squared_error_std,neg_mean_absolute_error_mean,neg_mean_absolute_error_std,neg_root_mean_squared_error_mean,neg_root_mean_squared_error_std
0,1b0b2a0640db,2026-04-15 12:33:21,True,0.7298888304712235,0.009784366593205853,0.74412603388027,9.48738145828247,0.01649646759033203,275,4,0.01,0.7,-0.35953658672987066,0.01281426899489226,-0.43384781478716955,0.0065293413047383805,-0.5995177206065059,0.01072797318463918
1,5cdc7abb5207,2026-04-15 12:33:42,True,0.814404058119021,0.008817007252845541,0.8617714559804759,4.227907037734985,0.010221624374389648,100,6,0.05,0.55,-0.24703302231021068,0.011464069854293909,-0.3363623445800494,0.007487831107744781,-0.4968867969048613,0.011684749541081436
2,8b4a15e4c65a,2026-04-15 12:40:17,True,0.7887178833131866,0.007860564798697085,0.9999999995827954,78.0153230190277,0.21791276931762696,275,14,0.29,0.9,-0.281251218448596,0.010855645914859987,-0.3427947910925028,0.006871433201468178,-0.5302307308237051,0.010324269405417155
3,87ea85a38f6f,2026-04-15 12:41:02,True,0.8165596079497579,0.008194446642803223,0.9808579007092566,8.721871709823608,0.03959879875183105,50,12,0.14,0.5,-0.2441644634444821,0.010664111942251855,-0.3228055944958362,0.006825655288354953,-0.49401262738913976,0.010769745798348886
4,6a944cb8102b,2026-04-15 12:41:13,True,0.6682033375407812,0.011569388546194813,0.6798647167615003,2.1786544799804686,0.009287643432617187,25,4,0.07,0.65,-0.44162051650838025,0.014418787395302092,-0.4969993977370759,0.006326154960400798,-0.6644565248609757,0.010864763138504442
5,3cb4dfb2d802,2026-04-15 12:45:36,True,0.8047020631078965,0.007919667100913241,0.9596771163447059,52.055648231506346,0.1348146915435791,225,12,0.01,0.9,-0.25993210955259827,0.00982368751502748,-0.34731937807687896,0.00592828546742425,-0.5097425278013071,0.009729589062844603
6,38af1543b728,2026-04-15 12:47:49,True,0.7993760698986156,0.0078019106178107145,0.9999750865211624,26.31722683906555,0.07742199897766114,100,14,0.21,0.9,-0.2670363186492066,0.010026229160970266,-0.33069330328636815,0.006497402449583627,-0.5166634486753251,0.009757020658294384
7,e00c4e739189,2026-04-15 12:49:27,True,0.8412266152533793,0.00665447218027713,0.9447157335514034,19.49168610572815,0.030821704864501955,175,6,0.15,0.95,-0.21132769232036536,0.008499178358324476,-0.30188623951849125,0.005882493175729284,-0.45961005364893326,0.009289289810854291
8,c5d13d5cecc2,2026-04-15 12:50:20,True,0.7668930548244253,0.009074409181543997,0.9999755685581615,10.310743379592896,0.056788969039916995,125,15,0.28,0.5,-0.31029579802630536,0.012303310691706091,-0.37324157160384874,0.007661672277975172,-0.5569303345196397,0.011153498022933474
9,1dc8ced7e6ba,2026-04-15 12:51:03,True,0.8126645790725242,0.006855341678658733,0.999374122336955,8.346124505996704,0.02731351852416992,75,14,0.14,0.75,-0.2493699791349835,0.009334635034903374,-0.3214486998813376,0.005395375000373826,-0.4992817726743647,0.009364326464165896
10,87d52d675a02,2026-04-15 12:51:40,True,0.8185119243093426,0.0082451329070576,0.8634795140724558,7.452123594284058,0.015538740158081054,125,5,0.07,0.75,-0.24156799474524945,0.01077310459140348,-0.3327382062901769,0.006683623734301993,-0.4913713022135644,0.011056134324232407
11,9bee7e05223b,2026-04-15 12:52:00,True,0.7932358316809468,0.010176855099686303,0.8172991807117891,3.8234190464019777,0.013640308380126953,50,4,0.13,0.55,-0.27520920115919534,0.013299900450582979,-0.36130262538225705,0.0071811105113384005,-0.5244482786728596,0.012775138209429215
12,065afe962508,2026-04-15 12:53:11,True,0.8276734185541235,0.008608705984388515,0.9828554739054078,14.25703125,0.028307390213012696,150,8,0.2,0.7,-0.2293100838615933,0.009786598769782743,-0.3127100686614043,0.004804587184727629,-0.47875250885959525,0.010301413603794513
13,b328a0f30ea6,2026-04-15 12:53:34,True,0.8041202274416742,0.00908845001441166,0.9961043868070565,4.472050476074219,0.01967730522155762,25,14,0.15,0.9,-0.2607520084416058,0.01247905793531727,-0.3313998826135557,0.007602550497610869,-0.5104890781775147,0.012365658214473831
14,ff82bc660263,2026-04-15 12:54:18,True,0.750667351251205,0.007398040902869237,0.8324787914376497,8.719660663604737,0.022118616104125976,50,9,0.03,0.9,-0.33187084181700294,0.009324870446835372,-0.42089837535728086,0.0040276821597537826,-0.5760248431494371,0.008137683433834137
15,bf6de5989bac,2026-04-15 12:56:49,True,0.8112885938059959,0.006553784206143316,0.9998921450767089,29.841704607009888,0.07556734085083008,125,13,0.2,0.75,-0.25124388401991116,0.010117800175190213,-0.3261165168002946,0.006026568939622864,-0.5011399045267122,0.010133119503341852
16,62bb70a64189,2026-04-15 12:58:19,True,0.8216553166518,0.009126132441507428,0.9660113095051954,17.736218452453613,0.04311656951904297,250,6,0.23,0.55,-0.23735426803922416,0.011349557273248052,-0.32304583227660133,0.006973152494939993,-0.4870485886768184,0.011744799152969937
17,0b09520c513f,2026-04-15 12:58:42,True,0.7953288152108257,0.00549692183678309,0.9512131641687702,4.547931766510009,0.021910858154296876,25,13,0.08,0.7,-0.2724279928695973,0.0069701224813404255,-0.3601093334315177,0.004888543315267641,-0.5219032374655442,0.006708471702339853
18,c1d48bc3c17f,2026-04-15 12:58:59,True,0.8112586426073852,0.007372213264423605,0.8987725020567238,3.20048508644104,0.011571311950683593,50,6,0.28,0.55,-0.25125188260640025,0.010320144924713007,-0.33386666138463544,0.00798598872965246,-0.5011436692504454,0.01033950562649642
19,19d671eb8872,2026-04-15 13:01:20,True,0.8420936220956279,0.007730088263135933,0.9656804283349223,28.086750316619874,0.060280895233154295,175,7,0.15,1.0,-0.21013805683304626,0.009154413055940789,-0.298981368970886,0.005589818438857499,-0.4582968167901854,0.010103690069942578
20,bb9cebd58a80,2026-04-15 13:02:41,True,0.8304669197253377,0.008990329565486694,0.8977507815652652,16.034349727630616,0.032138824462890625,150,5,0.12,0.75,-0.22562808742174517,0.011255985268671626,-0.31593842288148827,0.00732635539400968,-0.47485136608495254,0.01201114270165388
21,0879d9a6fba3,2026-04-15 13:05:05,True,0.8049851480119475,0.007600215827773705,0.9991163207064091,28.604443979263305,0.05428371429443359,100,13,0.09,1.0,-0.25952437147839535,0.008397066263638625,-0.32516064319103366,0.005141536863258712,-0.5093673244247572,0.008324679378777363
22,6818780f45de,2026-04-15 13:07:39,True,0.834849540450423,0.007921407250007208,0.9136862209004759,30.46178617477417,0.04423928260803223,275,4,0.2,1.0,-0.219853953073697,0.011079673561925622,-0.3111854477555911,0.00758513210614878,-0.4687395349574485,0.011713301907312646
23,ce6f39b6d62d,2026-04-15 13:08:32,True,0.8077289367880329,0.008199844426477053,0.9948837384194151,10.591162109375,0.028949260711669922,75,11,0.24,0.65,-0.2559361944965758,0.011049062604082088,-0.33306451932093734,0.009306923731817712,-0.5057815177523619,0.011011393948680679
24,eef206e555cc,2026-04-15 13:09:00,True,0.8322954516085403,0.00767961211783144,0.9820629397600932,5.4344347476959225,0.01701512336730957,75,10,0.13,0.7,-0.2232318286219928,0.01024121900665383,-0.3077343705654374,0.0062254595699291655,-0.47234793570142164,0.01092045148326945
25,df293cde7b66,2026-04-15 13:12:26,True,0.808049672758386,0.008546042271005378,0.9999997963613202,40.523414850234985,0.12912273406982422,275,14,0.18,0.65,-0.25550091108379147,0.011330965515639087,-0.3289793792555085,0.007937085826849417,-0.5053454894546494,0.011262653845004715
26,eb7877c7a258,2026-04-15 13:14:17,True,0.7952631670682491,0.009812232704572052,0.9954620142469471,21.821466779708864,0.07060275077819825,275,8,0.27,0.5,-0.27248834933874466,0.012167016025779576,-0.35070664614924707,0.0066911252751505786,-0.5218727607026336,0.011712001338647207
27,942caa427985,2026-04-15 13:15:04,True,0.8093410221075417,0.010362916404658626,0.8433097480709671,9.462205028533935,0.022856521606445312,100,3,0.26,0.75,-0.2537524917477173,0.013187217622778098,-0.3443712754482743,0.008366613150207498,-0.5035675198449809,0.013124203019308391
28,a2e4ed75b2b2,2026-04-15 13:17:31,True,0.8276942245651073,0.0071273887501508365,0.8969287631657241,29.048196601867676,0.059661483764648436,175,7,0.03,0.65,-0.2293140033164363,0.008416086121110757,-0.3198745349766693,0.005751540358428761,-0.47878515722158677,0.008875614949783076
29,fd74df4ad1b1,2026-04-15 13:24:38,True,0.8204695732919403,0.006454634594770467,0.9999814870738215,83.84371891021729,0.3344409942626953,250,14,0.11,0.65,-0.23897634611747595,0.008715844318476275,-0.31498970705973744,0.005809535052507293,-0.4887692779725823,0.008996612008776496
30,b35d7b1f68e5,2026-04-15 13:32:28,True,0.8327651931119167,0.006717644337798886,0.998462756239961,92.70330748558044,0.23866596221923828,275,10,0.13,1.0,-0.22256009937977667,0.007652041953172168,-0.30392459968277147,0.004684903248568511,-0.47169192140835986,0.008175002010172695
31,624ada5d8447,2026-04-15 13:34:47,True,0.8315720155543044,0.008382862382677507,0.8959192047796583,27.64045615196228,0.07234735488891601,200,5,0.09,0.6,-0.22418456270128662,0.011003442750590448,-0.3160929520238419,0.006754515574190213,-0.4733366317419957,0.0117045184620688
32,6cd806c90655,2026-04-15 13:38:38,True,0.8027306575973174,0.007123371192597439,0.9999574869302604,45.612795782089236,0.09906425476074218,100,14,0.18,0.9,-0.26263622472184084,0.01086292328673151,-0.32850117459380157,0.007773560662118743,-0.5123698376167847,0.01064773320432767
33,dab84cca57a2,2026-04-15 13:43:08,True,0.8031120975691186,0.0064546611578497875,0.9999784418224202,53.33663387298584,0.17939558029174804,125,14,0.19,0.8,-0.2620805713499325,0.00871023241277488,-0.32934966262690235,0.005719186799255176,-0.511866194801436,0.008577293829112282
34,63fdb15dd178,2026-04-15 13:47:53,True,0.8378421985603186,0.00819250747917242,0.993116537030122,56.17719669342041,0.13839502334594728,250,9,0.12,0.65,-0.21582988605660866,0.01047536880758553,-0.3020315987336009,0.006326151602861012,-0.4644359887347659,0.011362148765486524
35,7a7932f2783c,2026-04-15 13:49:28,True,0.817840438306705,0.008915406656048768,0.9880167764627308,18.71373906135559,0.0829132080078125,75,11,0.16,0.55,-0.24239011238863378,0.009974523872555081,-0.3210930848543917,0.005448686538385046,-0.49222433378953034,0.01026243704422901
36,09f62b4058c0,2026-04-15 13:49:40,True,0.6003634614967679,0.009348055319121952,0.6108960419813524,2.4975473403930666,0.007935190200805664,25,4,0.05,1.0,-0.5319744180363034,0.013262311200679106,-0.5586628005491497,0.005173952278416469,-0.7293090899746976,0.009092266856058462
37,ef292ce63c6a,2026-04-15 13:51:26,True,0.7985994365918963,0.005669337751812006,0.9999642541811529,20.79718041419983,0.0713780403137207,75,15,0.22,0.8,-0.2681537375106374,0.009774803980103618,-0.3372216805796973,0.006301083598610648,-0.5177497822769809,0.009428704193922941
38,3bb9f46199d0,2026-04-15 13:53:29,True,0.8311160586813532,0.006100457468651668,0.8925173113331251,24.31878924369812,0.04893560409545898,250,4,0.13,0.8,-0.22480061975600507,0.008150598677290863,-0.3165270827389778,0.0063065771868866406,-0.4740537702699723,0.008581529515735218
39,76d07376bdfc,2026-04-15 13:57:25,True,0.8260952951298821,0.008576026461634523,0.9991052401345701,46.709004926681516,0.12721753120422363,250,10,0.17,0.7,-0.23145837982145837,0.010812917693109686,-0.3138860962627468,0.006455396727932951,-0.4809688116906264,0.011286363558080405
40,1965ed057f23,2026-04-15 13:58:35,True,0.8163993752142463,0.009940955617072839,0.8661511177910748,13.839769983291626,0.03328661918640137,225,3,0.22,0.55,-0.244399088904575,0.013395167196181603,-0.3356009408980344,0.007535276261051562,-0.49417797946465747,0.013682599051478755
41,e8b7cc40dfc9,2026-04-15 14:04:31,True,0.8103881473117784,0.005705730462034484,0.9999830563116484,70.27848148345947,0.17599883079528808,275,11,0.25,0.7,-0.25235352144564305,0.006166551970737224,-0.33104431571284987,0.004648710657825179,-0.5023099501138362,0.00618348302160438
42,39cbf3df6dca,2026-04-15 14:09:09,True,0.8433752087658629,0.0075846942699114035,0.9574989828767363,54.93666048049927,0.21571197509765624,275,8,0.04,0.7,-0.2084504268469094,0.00936627885440959,-0.29664724528444497,0.0062396114378601986,-0.45644657578944414,0.010341677668570817
43,9e120b8b4d1e,2026-04-15 14:10:44,True,0.8289225595693968,0.00669996624295912,0.9064478839716698,18.658108520507813,0.050578737258911134,175,5,0.15,0.5,-0.22769174321867852,0.008112996011788706,-0.31840479865508997,0.0058767741400830315,-0.47709345234199285,0.008577933963205553
44,c22ecc849ee0,2026-04-15 14:16:20,True,0.8122045698112708,0.007126012994592457,0.9999950779723218,66.54094047546387,0.1437009811401367,300,14,0.09,0.9,-0.2499550532529049,0.008954223093271062,-0.3196518963772922,0.0065691476364933285,-0.4998731502955806,0.009049136228212129
45,f163ab4d9329,2026-04-15 14:17:05,True,0.7801608043579481,0.00838869351840278,0.9938195851523265,8.901438283920289,0.03288674354553223,75,11,0.3,0.55,-0.2925558591002,0.009023901047220938,-0.36150399122316695,0.005375733272379946,-0.5408195163460492,0.00837316185352785
46,7cbb584869ce,2026-04-15 14:20:36,True,0.8299253032753178,0.007619825745557073,0.990546966412215,41.92051420211792,0.05177311897277832,275,7,0.27,1.0,-0.22632989979622434,0.008688704316298172,-0.3114257689144543,0.006027927153274888,-0.4756537446647472,0.009133180312897548
47,37dcc646467a,2026-04-15 14:21:57,True,0.8325597821405083,0.005705171033135896,0.9978832628751968,15.896474504470826,0.06610946655273438,225,12,0.07,0.6,-0.22284460411304924,0.006465444300760163,-0.30274528405326306,0.005210341381996651,-0.4720138149956144,0.0068965619213578345
48,dbec1db9081b,2026-04-15 14:23:54,True,0.8102457121060315,0.008433148624599122,0.9999190066597874,23.07473177909851,0.07122631072998047,150,15,0.06,0.9,-0.2525572380529099,0.010646469811046966,-0.3211001409760742,0.007309047907972479,-0.5024358683505534,0.010744126196916459
49,d30d1a445adc,2026-04-15 14:24:33,True,0.8222449394433365,0.00963197013447132,0.8677866784501586,7.686012315750122,0.014275789260864258,225,3,0.2,0.75,-0.23659291542657793,0.012541154115296686,-0.3286455369849122,0.007987508480453674,-0.48623503494315806,0.01297714222792306
50,5aadccbe635e,2026-04-15 14:25:14,True,0.7789445585586374,0.010054604470591593,0.7939448144306003,8.146249723434448,0.013022947311401366,200,3,0.04,0.75,-0.29424980755756575,0.013449875835425984,-0.3768426761327768,0.007137566022128956,-0.5423052670242187,0.012442062343386092
51,ae83292b68e3,2026-04-15 14:25:45,True,0.7680907586459798,0.008853039472000149,0.8034348247606727,6.089226770401001,0.013896846771240234,125,6,0.02,0.65,-0.3086831983232322,0.011499660235343063,-0.3941822960545773,0.005909492360687186,-0.5554947155538843,0.010431649674976043
52,3871e8ebebf8,2026-04-15 14:26:57,True,0.8007956251622976,0.009645644799108271,0.8271225349455289,14.376858377456665,0.02093791961669922,250,4,0.03,0.85,-0.2651381767242588,0.012386948653097316,-0.35308026966074835,0.006751784195505125,-0.5147730630565783,0.012119004728393348
53,8809e6d7596e,2026-04-15 14:27:22,True,0.7982984053970695,0.010536738664599015,0.9978340190495893,4.9123002052307125,0.022303676605224608,50,15,0.18,0.6,-0.268405828878557,0.012407804160199295,-0.3367408360450294,0.008792198046640685,-0.5179367377559642,0.012139380596497697
54,af9f19928ff6,2026-04-15 14:28:26,True,0.8102907741286659,0.008603371961461326,0.9993971253483508,12.53103084564209,0.03398046493530273,75,13,0.16,0.9,-0.2524901850383429,0.010752256953103768,-0.3229979813979121,0.005849292867348899,-0.5023679042491822,0.010801565563725262
55,dbd429bb61f2,2026-04-15 14:28:57,True,0.8353154293735029,0.007553093552579682,0.9394610053306078,6.247706604003906,0.009925651550292968,75,7,0.17,0.95,-0.2191273748233363,0.007971031205361719,-0.3086416434562206,0.004707683328716996,-0.46803244023656837,0.008544571934236066
56,9be21ed2b9b5,2026-04-15 14:30:08,True,0.8276792344406878,0.005181587963690911,0.9676320861911769,13.983518934249878,0.02099885940551758,175,6,0.3,0.9,-0.2293880196758349,0.007273495466314658,-0.31565019733274596,0.004570048243835969,-0.47888403716757466,0.007622245202026979
57,ae5df2bcd4a9,2026-04-15 14:37:39,True,0.825539767114579,0.005951242641740677,0.9999521688468388,88.79225325584412,0.3500924587249756,300,14,0.07,0.7,-0.23218720754187278,0.0067181244108739996,-0.3088818111735897,0.004847924411375394,-0.4818070779436625,0.007010505349994166
58,5a2db49742fd,2026-04-15 14:43:39,True,0.8089024028930722,0.004400620669298948,0.99998465724066,70.96633791923523,0.19035811424255372,175,13,0.21,0.75,-0.2543437887186116,0.004601673019499177,-0.32738237793127484,0.0035386381362159103,-0.5043043822582631,0.004569327491350055
59,9364c74ba5da,2026-04-15 14:46:50,True,0.8195564364569818,0.010815966862522996,0.9987272267761007,37.6409610748291,0.12702655792236328,200,11,0.15,0.55,-0.240048030166715,0.011697702084512504,-0.3210287824445623,0.006096293871959872,-0.4898023804996482,0.011902026028908464
60,a6143028c148,2026-04-15 14:47:52,True,0.7845501736551723,0.008880644260533116,0.8235924473411249,12.184806394577027,0.027243280410766603,100,6,0.03,0.75,-0.28676034389280064,0.011217734285222847,-0.3732832259279406,0.005406950450458246,-0.53539596581867,0.010559530192873952
61,4366dfb846bd,2026-04-15 14:48:17,True,0.8105679563584463,0.006337464683325519,0.9790728831025424,4.876721477508545,0.02164802551269531,25,12,0.18,0.65,-0.2521534583008564,0.008489693082564805,-0.3270723555435108,0.008328574383916074,-0.5020773635294743,0.0084722684181098
62,0ff33dde2b5b,2026-04-15 14:50:19,True,0.7693626967077589,0.008810531898926569,0.8032679629645081,24.184426307678223,0.06240973472595215,250,6,0.01,0.55,-0.30697752619151986,0.011096918346331487,-0.3935173578757561,0.005161076335349795,-0.5539634203600261,0.010102232156351917
63,803163ac91b6,2026-04-15 14:55:33,True,0.8346983789681588,0.007815741641259312,0.9943910527834546,61.73367280960083,0.20892210006713868,300,13,0.02,0.65,-0.21997675905427116,0.009096458473949067,-0.29994706702480906,0.006135910425045148,-0.4689148980487067,0.00977637162970964
64,4ced434be610,2026-04-15 14:55:48,True,0.7925149246209495,0.011641301184824277,0.8165132279567962,2.989847707748413,0.008526611328125,50,3,0.28,0.75,-0.27621356703178734,0.016085043944390913,-0.3632160213087508,0.009750038743712705,-0.5253346199811295,0.01539818434327398
65,b4f58c63ebfe,2026-04-15 14:56:33,True,0.8240617183173999,0.007141714927258031,0.9706525762336629,8.741261005401611,0.02998948097229004,50,11,0.08,0.7,-0.23417213349506621,0.009042968945710021,-0.31505666288438106,0.005631694812816895,-0.48382223196952845,0.009390492377398753
66,2fd1dfeeb2e1,2026-04-15 15:01:34,True,0.8387071889437726,0.008263710006167409,0.9951393666590818,59.773078536987306,0.12339367866516113,275,10,0.07,0.9,-0.21460349017794084,0.008938419667737394,-0.2969637858894269,0.005327387796405899,-0.4631523636979916,0.009663238530850342
67,79eef7af139a,2026-04-15 15:03:34,True,0.7864912936422528,0.00663907054977353,0.9999817703659826,23.55826654434204,0.06451315879821777,75,14,0.3,0.95,-0.2842312825227859,0.009793698781896688,-0.3425153192546725,0.006538810743798771,-0.5330534702037537,0.009234740197843781
68,3196254eed3b,2026-04-15 15:07:52,True,0.841368831907452,0.008525808139450898,0.9953609552115127,51.16554322242737,0.11772012710571289,250,10,0.08,0.85,-0.21111590361993926,0.010600018788797013,-0.29591546914968636,0.0071924350124487795,-0.4593242929667379,0.01170886461385718
69,0afca6297def,2026-04-15 15:09:06,True,0.8245756072369262,0.008007491912366025,0.8796944243080101,14.65418791770935,0.04293045997619629,175,6,0.04,0.55,-0.23347821549574244,0.010023858509743393,-0.3238782584070034,0.006507833893478128,-0.4830821329250258,0.01048181016571987
70,d18e44888118,2026-04-15 15:13:08,True,0.841829788339256,0.0071058092983597295,0.9951267135614283,47.7235032081604,0.10929207801818848,275,9,0.12,0.8,-0.21051037134933379,0.008716269887632072,-0.2969842520323118,0.006290731459596993,-0.4587150029771987,0.009535061245863539
71,ff1d29195383,2026-04-15 15:14:55,True,0.7823083458361253,0.007030440416900563,0.9982239729534369,21.07798891067505,0.08623452186584472,175,10,0.28,0.5,-0.28977461712667274,0.009487479448938584,-0.36214953410495915,0.006562005922402179,-0.5382347947698951,0.00882739064965587
72,99a730897b55,2026-04-15 15:18:43,True,0.79862288997881,0.009776802198187594,0.9999988605372151,44.67498731613159,0.17390146255493164,275,13,0.21,0.55,-0.26796838485848873,0.011136926235830022,-0.3403696480054365,0.0067018496852978135,-0.5175424635871319,0.010871211645951595
73,849b55dc8cbc,2026-04-15 15:19:02,True,0.817395978559377,0.009043903627166174,0.9488375583623538,3.8146188735961912,0.013311195373535156,25,9,0.24,0.75,-0.24301876154156177,0.010964027797167932,-0.3238863164082916,0.005913057551911938,-0.4928431257309801,0.011154145475073523
74,8966b264bee2,2026-04-15 15:19:24,True,0.7985340531673357,0.009271818973330575,0.8396684959474099,4.298617267608643,0.011684274673461914,50,6,0.07,0.65,-0.26813696508973683,0.011565735195463294,-0.3563164429459191,0.00614486833012703,-0.5176969179363144,0.011263491864329865
75,b8febcc120c7,2026-04-15 15:22:33,True,0.8413747804979541,0.006666455965649734,0.988244009809302,37.430793619155885,0.08522572517395019,225,10,0.05,0.8,-0.21110024081819864,0.007676827565318278,-0.2948863218553922,0.0052546600979120305,-0.4593796111731071,0.008403193240878659
76,4eac1ed0b719,2026-04-15 15:22:50,True,0.8292576090216865,0.005890006610682152,0.9276985447026102,3.3592155456542967,0.00878443717956543,75,7,0.15,0.65,-0.22725872088507315,0.007337647908455001,-0.3136887374199914,0.005576983060053883,-0.4766540628638988,0.007721738172951402
77,2d7b7dbdc4a1,2026-04-15 15:23:13,True,0.817026185779104,0.006634329208852523,0.9895134624068213,4.57797212600708,0.012278127670288085,50,10,0.26,0.9,-0.24354114021353399,0.008328984159711141,-0.321791585301255,0.005364211887622936,-0.49342621338260023,0.00846830328004029
78,111b466f8d69,2026-04-15 15:23:21,True,0.788760970193813,0.009185107753411362,0.8067002111242505,1.4977202892303467,0.003049135208129883,50,3,0.21,0.9,-0.28119502958016734,0.012574836695082336,-0.3672146988135642,0.006498849473249175,-0.5301436967432437,0.011945308015073201
79,2c7ddab092d4,2026-04-15 15:23:24,True,0.7888286219351125,0.009975460881854588,0.8177514737288734,0.6776288986206055,0.0028333663940429688,25,4,0.3,0.65,-0.28113451579844256,0.01422637409245707,-0.3652245465667865,0.009891152693676124,-0.5300487075604446,0.013523439353390164
80,315d0a675076,2026-04-15 15:23:52,True,0.833318055330358,0.006251301872664319,0.9767549286944261,5.41974105834961,0.012770843505859376,75,9,0.16,0.85,-0.22181981710244,0.006852245649402972,-0.3047596780848288,0.004963038782717331,-0.47092051552009817,0.007327016086031165
81,bdb18678ece9,2026-04-15 15:24:16,True,0.7867640153000262,0.006668209306527066,0.9827283167815271,4.731975841522217,0.016597843170166014,100,9,0.29,0.5,-0.2838348633467266,0.008803765567706227,-0.3571322891340854,0.006012486752705803,-0.5326979826274734,0.00822937733650824
82,137cc252d27b,2026-04-15 15:24:43,True,0.5980734581867625,0.006349044893544488,0.649128501566324,5.416029596328736,0.014433145523071289,75,9,0.01,0.8,-0.5350616919738864,0.011590837963757815,-0.5636045186116259,0.004468053395716699,-0.7314362070866375,0.007922558715467173
83,adf5a5f8e1eb,2026-04-15 15:26:01,True,0.790790676909006,0.006299429054734185,0.9999996706239527,15.396388959884643,0.04346532821655273,125,15,0.26,0.85,-0.2784272281053528,0.006546259573698848,-0.34074413362263467,0.00393262643905552,-0.5276257961429905,0.006184444181023047
84,d44e171d4de9,2026-04-15 15:26:55,True,0.8277157129413419,0.006262139293907764,0.9927251850931518,10.736994886398316,0.021930932998657227,125,9,0.23,0.9,-0.22928067676722547,0.006945335900864699,-0.3120199267242175,0.0042532208112329465,-0.4787773636332403,0.007274121227296815
85,5ed9d5929445,2026-04-15 15:28:47,True,0.8053658410797055,0.008469141647814767,0.9999992128460995,21.896035194396973,0.08391866683959961,275,14,0.16,0.6,-0.25905204845723173,0.010690718754629264,-0.32983096326020533,0.007020837020958591,-0.508861941983412,0.010562786474338677
86,cfa364ac4f77,2026-04-15 15:29:04,True,0.8285094287996039,0.008394972751968481,0.9036424168311303,3.410109281539917,0.011101531982421874,100,7,0.07,0.5,-0.2282313396818799,0.010311055196533582,-0.31642121744034724,0.006682901995668557,-0.47761071289152507,0.010924587549612917
87,a4970393c0c3,2026-04-15 15:30:29,True,0.7999508776683484,0.008495235697990213,0.9999969603334795,16.680129098892213,0.07501063346862794,250,14,0.18,0.5,-0.26640491910576936,0.013923908359846065,-0.33851908887992727,0.007952182705027813,-0.5159682724836636,0.013478163672890484
88,4baa2aec625d,2026-04-15 15:31:29,True,0.8366925581502022,0.006970468593044081,0.9242864632784455,11.878000259399414,0.036747407913208005,300,8,0.02,0.5,-0.21734655163434904,0.008505487703919276,-0.3067701377656924,0.006426614579956035,-0.4661137372978351,0.009194320888123135
89,53372a41815b,2026-04-15 15:33:41,True,0.8296177124378502,0.006279133290142749,0.999154336647797,26.04036703109741,0.05395951271057129,250,10,0.17,0.9,-0.2267828436849225,0.007956242829246105,-0.30772916461147,0.003993168269395626,-0.4761433115944918,0.00838990516949942
90,99cc7d74639a,2026-04-15 15:33:51,True,0.7932289952936562,0.008736015496242889,0.8142317042865844,1.990652322769165,0.006690406799316406,75,3,0.17,0.55,-0.27524378985958114,0.011925098789362544,-0.3619804250750951,0.007266158784668611,-0.5245118865789237,0.01144861113844977
91,2f4a0baeeab8,2026-04-15 15:34:01,True,0.8093889770516194,0.007100987598382652,0.8497737833219976,2.042212629318237,0.0051329612731933595,75,4,0.2,0.55,-0.2537103620560476,0.009158671760029205,-0.34288656101354,0.006728109780397922,-0.5036136234683402,0.009147694416434635
92,55a43ef9d01a,2026-04-15 15:35:26,True,0.8369137743499252,0.007041641598814966,0.9527653213069114,16.737909984588622,0.037201642990112305,275,6,0.13,0.55,-0.2170351956676333,0.008127582526458219,-0.3068071972830528,0.005161192881380164,-0.46578690646578813,0.008817790690665874
93,3b0050308a44,2026-04-15 15:37:57,True,0.8392322942680586,0.006369186972095895,0.966486993667836,29.841205406188966,0.05701494216918945,250,6,0.19,0.95,-0.21394945728415707,0.007144789515985166,-0.3030575517919284,0.006083432364007115,-0.4624815825459395,0.007761642220582503
94,2e0d557ed90f,2026-04-15 15:38:28,True,0.6205175956278575,0.006565493053876407,0.7176765785553237,6.181066513061523,0.02096867561340332,25,12,0.03,0.8,-0.5052015901920688,0.012313283912104244,-0.5440297449150494,0.0052417123432255035,-0.7107227644945195,0.008645358369473916
95,e37f8815c5ef,2026-04-15 15:44:13,True,0.8129525729574499,0.006716916559119099,0.9999905883646365,68.0298846244812,0.18471360206604004,275,12,0.19,0.9,-0.24893990241255887,0.007750866853394104,-0.3206409159167468,0.004001777260866536,-0.4988780856448159,0.007781906959259002
96,bfb1f0ee3e85,2026-04-15 15:47:05,True,0.8359742223162023,0.00699760870025031,0.9327663096521468,34.203078508377075,0.05871915817260742,150,7,0.07,1.0,-0.21826963578222722,0.007629922243355938,-0.3070531031477918,0.0050257631187383914,-0.46712078804722257,0.008234388645732999
97,c2e1128af5aa,2026-04-15 15:49:58,True,0.8452264031351824,0.005607485840956843,0.9805910243071274,34.24915771484375,0.07255334854125976,300,8,0.08,0.7,-0.20601791547836087,0.007434881930463777,-0.29422786210794094,0.004986899430867559,-0.4538172831209965,0.00823340871317548
98,ba3cc9a6bc0e,2026-04-15 15:51:16,True,0.8365928661174022,0.00805890644956352,0.9308748691528572,15.488689947128297,0.022125864028930665,175,5,0.22,1.0,-0.2175004555832845,0.010563332554619729,-0.3076080148471414,0.00673823112268999,-0.4662310766030714,0.011359524322146963
99,edd0191813a4,2026-04-15 15:52:32,True,0.8328183514303629,0.008988492148471569,0.9842310047823883,15.006866502761842,0.05093088150024414,125,10,0.11,0.55,-0.22244219687528086,0.009993138061317918,-0.3064926105759581,0.003923144082568047,-0.4715183501985356,0.01061330774697541
